Year,Sex,Party,Electors,Constituency_Name,Party_Type_TCPD,Turncoat,Incumbent,candidate_count_per_constituency
1962,1,75,470222,27,2,0,0,1
1962,1,37,411076,23,2,0,0,1
1962,1,45,411076,23,1,0,0,1
1962,1,24,411076,23,2,0,0,1
1962,1,12,411076,23,3,0,0,1
1962,1,37,417640,20,2,0,0,1
1962,1,24,417640,20,2,0,0,1
1962,1,12,417640,20,3,0,0,1
1962,1,24,431863,15,2,0,0,1
1962,1,12,431863,15,3,0,0,1
1962,1,45,431863,15,1,0,0,1
1962,1,12,438212,28,3,0,0,1
1962,1,37,434064,13,2,0,0,1
1962,1,12,434064,13,3,0,0,1
1962,1,45,434064,13,1,0,0,1
1962,1,55,463498,29,2,0,0,1
1962,1,27,463498,29,0,0,0,1
1962,1,24,501672,25,2,0,0,1
1962,1,27,501672,25,0,0,0,1
1962,1,27,460358,10,0,0,0,1
1962,1,37,460358,10,2,0,0,1
1962,1,55,460358,10,2,0,0,1
1962,1,12,460358,10,3,0,0,1
1962,1,24,434064,13,2,0,0,1
1962,1,24,438212,28,2,0,0,1
1962,1,55,470222,27,2,0,0,1
1962,1,12,457338,17,3,0,0,1
1962,1,24,457338,17,2,0,0,1
1962,1,27,470222,27,0,0,0,1
1962,1,24,437189,6,2,0,0,1
1962,1,12,437189,6,3,0,0,1
1962,0,24,442109,24,2,0,0,1
1962,1,27,422829,16,0,0,0,1
1962,1,12,422829,16,3,0,0,1
1962,1,24,422829,16,2,0,0,1
1962,1,27,436674,26,0,0,0,1
1962,1,27,436674,26,0,0,0,1
1962,1,12,436674,26,3,0,0,1
1962,1,60,442109,24,3,0,0,1
1962,1,55,445802,3,2,0,0,1
1962,1,24,436674,26,2,0,0,1
1962,1,27,457338,17,0,0,0,1
1962,1,24,455280,7,2,0,0,1
1962,1,27,455280,7,0,0,0,1
1962,1,24,467654,18,2,0,0,1
1962,1,12,455280,7,3,0,0,1
1962,1,12,467654,18,3,0,0,1
1962,1,24,409662,12,2,0,0,1
1962,1,12,409662,12,3,0,0,1
1962,1,12,445802,3,3,0,0,1
1967,1,75,458629,28,2,0,0,1
1967,1,12,458629,28,3,0,0,1
1967,1,24,458629,28,2,0,0,1
1967,1,27,458629,28,0,0,0,1
1967,1,27,465825,20,0,0,0,1
1967,1,24,451269,17,2,0,1,1
1967,1,8,457108,7,2,0,0,1
1967,1,27,451269,17,0,0,0,1
1967,1,16,457108,7,2,0,0,1
1967,1,24,457108,7,2,0,1,2
1967,1,27,457108,7,0,0,0,1
1967,1,24,465825,20,2,0,0,1
1967,1,27,451269,17,0,0,0,1
1967,1,16,465825,20,2,0,0,1
1967,1,16,475141,25,2,0,0,1
1967,1,24,441611,23,2,0,0,1
1967,1,16,441611,23,2,0,0,1
1967,0,24,453637,15,2,0,0,1
1967,1,47,453637,15,3,0,1,1
1967,1,8,495721,13,2,0,0,1
1967,1,24,495721,13,2,0,0,1
1967,1,47,495721,13,3,0,0,1
1967,1,24,463046,29,2,0,0,1
1967,1,71,463046,29,2,0,0,1
1967,1,24,475141,25,2,0,0,1
1967,1,16,423640,18,2,0,0,1
1967,1,8,467371,10,2,0,0,1
1967,1,24,467371,10,2,0,0,1
1967,1,16,467371,10,2,1,1,2
1967,1,8,441611,23,2,0,0,1
1967,1,24,423640,18,2,0,0,1
1967,1,27,457108,7,0,0,0,2
1967,1,27,423640,18,0,0,0,1
1967,1,27,457981,27,0,0,0,1
1967,1,24,457981,27,2,0,0,1
1967,1,71,457981,27,2,0,0,1
1967,1,55,410807,6,2,0,0,1
1967,1,24,410807,6,2,0,0,1
1967,1,16,410807,6,2,0,0,1
1967,1,39,459508,24,3,0,0,1
1967,1,24,459508,24,2,0,0,1
1967,1,27,459508,24,0,0,1,1
1967,1,39,441409,0,3,0,0,1
1967,1,24,441409,0,2,0,1,1
1967,1,12,441409,0,3,0,0,1
1967,1,39,459888,16,3,0,0,1
1967,1,24,459888,16,2,0,0,1
1967,1,71,459888,16,2,0,0,1
1967,1,27,458181,3,0,0,0,1
1967,1,75,458181,3,2,0,0,1
1967,1,24,458181,3,2,0,0,1
1967,0,16,458181,3,2,0,0,1
1967,1,27,426210,12,0,0,0,1
1967,1,39,426210,12,3,0,0,1
1967,1,24,426210,12,2,0,1,1
1967,1,16,426210,12,2,0,0,1
1967,0,39,423640,18,3,0,0,1
1967,1,24,449574,22,2,0,0,1
1967,1,75,449574,22,2,0,0,1
1967,1,12,449574,22,3,0,1,1
1967,1,27,457981,27,0,0,0,1
1970,2,27,451269,17,0,0,0,1
1970,2,27,451269,17,0,0,0,1
1970,1,49,451269,17,1,0,0,1
1970,2,27,451269,17,0,0,0,1
1971,1,24,527041,17,2,1,1,1
1971,1,27,547049,28,0,0,0,1
1971,1,27,547049,28,0,0,0,1
1971,1,50,547049,28,2,0,0,1
1971,1,16,547049,28,2,0,0,1
1971,1,12,547049,28,3,0,1,2
1971,1,47,560669,15,3,0,1,2
1971,1,16,564890,20,2,0,1,1
1971,1,8,529191,23,2,0,0,1
1971,1,24,529191,23,2,0,0,1
1971,1,16,529191,23,2,0,0,1
1971,1,8,560669,15,2,0,0,1
1971,1,27,560669,15,0,0,0,1
1971,1,16,527041,17,2,0,0,1
1971,1,27,564890,20,0,0,0,1
1971,1,71,595499,13,2,0,0,1
1971,1,47,595499,13,3,0,1,1
1971,0,27,566738,29,0,0,0,1
1971,1,29,566738,29,1,1,1,1
1971,1,27,566738,29,0,0,0,2
1971,1,24,566738,29,2,0,0,1
1971,1,27,562923,25,0,0,0,1
1971,1,50,562923,25,2,0,0,1
1971,1,16,562923,25,2,0,1,1
1971,1,12,562923,25,3,0,0,1
1971,1,27,579127,10,0,0,0,1
1971,1,8,579127,10,2,0,0,1
1971,1,16,579127,10,2,0,1,1
1971,1,24,579127,10,2,0,0,1
1971,1,71,527041,17,2,0,0,2
1971,1,27,595499,13,0,0,0,1
1971,1,24,534112,7,2,0,0,1
1971,1,27,564890,20,0,0,0,1
1971,1,50,534112,7,2,0,0,1
1971,1,16,509646,0,2,0,0,1
1971,1,27,509646,0,0,0,0,1
1971,1,27,509646,0,0,0,0,1
1971,1,27,509646,0,0,0,0,1
1971,1,60,543033,24,3,0,1,1
1971,1,27,543033,24,0,0,0,1
1971,0,12,509646,0,3,0,0,1
1971,1,27,543033,24,0,0,0,1
1971,1,16,502730,6,2,0,0,1
1971,1,27,502730,6,0,0,0,1
1971,1,27,533641,27,0,0,1,1
1971,1,55,533641,27,2,0,0,1
1971,1,27,533641,27,0,0,0,1
1971,1,16,534112,7,2,0,1,1
1971,1,24,502730,6,2,0,0,1
1971,1,27,514087,16,0,0,0,1
1971,1,27,533641,27,0,0,0,1
1971,1,39,514087,16,3,0,0,1
1971,1,16,514087,16,2,0,0,1
1971,1,24,500735,18,2,0,0,1
1971,1,39,528326,22,3,0,0,1
1971,1,27,528326,22,0,0,0,1
1971,1,75,528326,22,2,0,0,1
1971,1,27,528326,22,0,0,0,1
1971,1,27,528326,22,0,0,0,1
1971,1,27,500735,18,0,0,0,1
1971,1,27,533641,27,0,0,0,1
1971,1,27,491252,12,0,0,0,1
1971,1,50,491252,12,2,1,0,2
1971,1,60,527204,3,3,0,0,1
1971,0,16,527204,3,2,0,1,1
1971,1,39,491252,12,3,0,0,1
1971,1,27,527204,3,0,0,0,1
1977,1,16,574543,19,2,0,0,1
1977,1,12,549781,28,3,0,0,1
1977,1,16,549781,28,2,0,0,1
1977,1,27,549781,28,0,0,0,1
1977,1,27,549781,28,0,0,0,1
1977,1,27,562082,17,0,0,0,1
1977,1,24,562082,17,2,0,1,2
1977,1,27,562082,17,0,0,0,1
1977,1,27,562082,17,0,0,0,1
1977,1,24,574543,19,2,0,0,1
1977,1,24,582804,7,2,0,1,2
1977,1,27,549781,28,0,0,0,1
1977,1,27,589253,20,0,0,0,1
1977,1,24,559054,13,2,0,0,1
1977,1,24,589253,20,2,0,0,1
1977,1,46,573502,23,1,0,0,1
1977,1,47,573502,23,3,0,0,1
1977,1,46,569228,15,1,0,0,1
1977,1,47,569228,15,3,0,1,1
1977,0,9,559054,13,2,0,0,1
1977,1,9,611107,29,2,1,0,2
1977,1,24,611107,29,2,0,1,2
1977,1,27,553360,9,0,0,0,1
1977,1,16,553360,9,2,0,0,1
1977,1,12,553360,9,3,0,1,1
1977,1,16,578474,10,2,0,0,1
1977,1,24,578474,10,2,0,1,1
1977,1,16,582804,7,2,0,0,1
1977,1,16,589253,20,2,0,0,1
1977,1,27,582804,7,0,0,0,1
1977,1,27,562082,17,0,0,0,1
1977,1,39,560833,18,3,0,0,1
1977,1,27,582804,7,0,0,0,1
1977,0,27,621533,27,0,0,0,1
1977,1,9,621533,27,2,1,0,2
1977,1,12,621533,27,3,0,0,1
1977,1,16,564054,6,2,0,0,2
1977,1,27,582742,24,0,0,0,1
1977,0,27,582742,24,0,0,0,1
1977,1,72,582742,24,4,0,0,1
1977,1,27,582742,24,0,0,0,1
1977,1,60,582742,24,3,0,1,2
1977,1,27,525154,0,0,0,0,1
1977,1,16,525154,0,2,0,0,1
1977,1,12,525154,0,3,0,0,1
1977,1,27,569041,16,0,0,0,1
1977,1,27,569041,16,0,0,0,1
1977,1,24,564054,6,2,0,1,2
1977,1,16,579976,1,2,0,0,1
1977,1,38,560833,18,1,0,0,1
1977,1,24,569041,16,2,0,0,1
1977,1,39,575946,12,3,0,0,1
1977,1,38,575946,12,1,1,1,2
1977,1,27,575946,12,0,0,0,1
1977,1,24,578434,8,2,0,1,1
1977,1,27,575946,12,0,0,0,1
1977,1,27,578434,8,0,0,0,1
1977,1,27,578434,8,0,0,0,1
1977,1,27,578434,8,0,0,0,1
1977,1,27,578434,8,0,0,0,1
1977,1,27,578434,8,0,0,0,1
1977,1,24,579976,1,2,0,0,1
1977,1,38,578434,8,1,1,1,1
1980,1,27,705179,20,0,0,0,1
1980,1,27,622311,28,0,0,0,1
1980,1,25,666300,19,2,0,0,1
1980,1,27,666300,19,0,0,0,1
1980,1,16,622311,28,2,1,1,2
1980,1,25,622311,28,2,0,0,1
1980,1,34,622311,28,2,1,0,1
1980,1,27,622311,28,0,0,0,1
1980,1,27,622311,28,0,0,0,1
1980,1,27,634533,17,0,0,0,1
1980,1,27,622311,28,0,0,0,1
1980,1,27,622311,28,0,0,0,1
1980,1,16,634533,17,2,0,0,1
1980,1,27,634533,17,0,0,0,1
1980,1,27,634533,17,0,0,0,1
1980,0,27,634533,17,0,0,0,1
1980,1,25,675831,7,2,0,0,1
1980,1,26,675831,7,2,1,1,3
1980,1,27,705179,20,0,0,0,1
1980,1,27,622311,28,0,0,0,1
1980,1,27,705179,20,0,0,0,1
1980,1,25,637975,9,2,0,0,1
1980,1,25,705179,20,2,0,0,1
1980,1,27,675831,7,0,0,0,1
1980,1,16,678476,10,2,0,0,2
1980,1,34,678476,10,2,0,0,1
1980,1,27,678476,10,0,0,0,1
1980,1,27,678476,10,0,0,0,1
1980,1,27,678476,10,0,0,0,1
1980,1,26,637975,9,2,1,1,1
1980,1,27,637975,9,0,0,0,1
1980,1,26,685632,29,2,1,1,1
1980,1,16,705179,20,2,0,0,2
1980,1,25,685632,29,2,0,0,1
1980,1,34,705630,13,2,1,0,1
1980,1,27,705630,13,0,0,0,1
1980,1,27,705630,13,0,0,0,1
1980,1,47,674048,15,3,0,1,2
1980,1,23,674048,15,3,0,0,1
1980,1,27,674048,15,0,0,0,1
1980,1,47,671001,23,3,0,1,1
1980,1,26,671001,23,2,0,0,1
1980,1,27,671001,23,0,0,0,1
1980,1,16,705630,13,2,1,0,1
1980,1,27,675831,7,0,0,0,1
1980,1,16,666300,19,2,0,0,1
1980,1,27,675831,7,0,0,0,1
1980,1,27,623914,16,0,0,0,1
1980,1,12,611784,0,3,0,1,2
1980,1,25,611784,0,2,0,0,2
1980,1,27,611784,0,0,0,0,1
1980,1,27,611784,0,0,0,0,1
1980,1,25,661179,24,2,0,1,1
1980,1,60,661179,24,3,0,1,3
1980,1,72,661179,24,4,0,0,2
1980,1,25,660715,6,2,0,0,1
1980,1,27,623914,16,0,0,0,1
1980,1,26,660715,6,2,1,1,3
1980,1,27,660715,6,0,0,0,1
1980,1,27,660715,6,0,0,0,1
1980,1,25,714687,27,2,0,0,1
1980,1,27,714687,27,0,0,0,1
1980,1,27,714687,27,0,0,0,1
1980,1,27,714687,27,0,0,0,1
1980,1,27,714687,27,0,0,0,1
1980,1,27,714687,27,0,0,0,1
1980,1,27,675831,7,0,0,0,1
1980,1,27,660715,6,0,0,0,1
1980,1,27,623914,16,0,0,0,1
1980,1,12,714687,27,3,0,1,2
1980,1,27,646322,1,0,0,0,1
1980,1,26,623914,16,2,0,0,1
1980,1,27,634711,18,0,0,0,1
1980,1,39,634711,18,3,0,1,2
1980,1,27,634711,18,0,0,0,1
1980,1,27,634711,18,0,0,0,1
1980,1,27,634711,18,0,0,0,1
1980,1,39,659430,12,3,0,1,1
1980,1,25,659430,12,2,0,0,1
1980,1,27,659430,12,0,0,0,1
1980,1,27,659430,12,0,0,0,1
1980,1,27,634711,18,0,0,0,1
1980,1,16,697106,8,2,0,0,1
1980,1,27,714687,27,0,0,0,1
1980,1,27,659430,12,0,0,0,1
1980,1,34,646322,1,2,0,0,1
1980,1,27,646322,1,0,0,0,1
1980,1,27,697106,8,0,0,0,1
1980,0,16,646322,1,2,0,0,1
1980,1,27,697106,8,0,0,0,1
1980,1,27,697106,8,0,0,0,1
1980,1,27,697106,8,0,0,0,1
1980,1,27,697106,8,0,0,0,1
1984,1,12,675704,28,3,0,0,1
1984,1,27,675704,28,0,0,0,1
1984,1,24,675704,28,2,0,0,1
1984,1,27,705020,19,0,0,0,1
1984,1,27,705020,19,0,0,0,1
1984,1,16,705020,19,2,0,1,1
1984,1,24,705020,19,2,0,0,1
1984,1,27,731568,20,0,0,0,1
1984,1,27,731568,20,0,0,0,1
1984,1,27,731568,20,0,0,0,1
1984,1,27,731568,20,0,0,0,1
1984,0,27,731568,20,0,0,0,1
1984,1,27,675704,28,0,0,0,1
1984,1,16,731568,20,2,0,0,3
1984,1,27,731568,20,0,0,0,1
1984,1,27,675704,28,0,0,0,1
1984,1,27,703029,17,0,0,0,1
1984,1,27,675704,28,0,0,0,1
1984,1,24,731568,20,2,0,1,1
1984,1,27,727741,7,0,0,0,1
1984,1,7,727741,7,2,0,0,1
1984,1,20,727741,7,2,0,0,1
1984,1,24,727741,7,2,0,0,1
1984,1,27,703029,17,0,0,0,1
1984,1,27,703029,17,0,0,0,1
1984,1,27,703029,17,0,0,0,1
1984,1,27,703029,17,0,0,0,1
1984,1,16,703029,17,2,0,1,1
1984,1,40,703029,17,3,0,0,1
1984,1,27,675704,28,0,0,0,1
1984,1,27,675704,28,0,0,0,1
1984,1,27,675704,28,0,0,0,1
1984,1,27,675704,28,0,0,0,1
1984,1,27,675704,28,0,0,0,1
1984,1,27,718121,23,0,0,0,1
1984,1,27,740431,29,0,0,0,1
1984,1,27,718121,23,0,0,0,1
1984,1,27,727741,7,0,0,0,1
1984,1,27,740431,29,0,0,0,1
1984,1,7,740431,29,2,0,0,1
1984,1,27,740431,29,0,0,0,1
1984,1,20,740431,29,2,1,1,3
1984,1,27,693093,9,0,0,0,1
1984,1,27,693093,9,0,0,0,2
1984,1,27,693093,9,0,0,0,1
1984,1,16,693093,9,2,0,0,1
1984,1,24,693093,9,2,0,0,1
1984,1,27,745222,10,0,0,0,1
1984,1,27,745222,10,0,0,0,1
1984,1,7,745222,10,2,0,0,1
1984,1,16,745222,10,2,0,1,1
1984,1,24,745222,10,2,0,0,1
1984,1,27,740431,29,0,0,0,1
1984,0,27,740431,29,0,0,0,1
1984,1,27,740431,29,0,0,0,1
1984,1,24,706343,13,2,0,0,1
1984,1,27,718121,23,0,0,0,1
1984,1,12,718121,23,3,0,0,1
1984,1,47,718121,23,3,0,1,1
1984,1,27,736698,15,0,0,0,1
1984,1,27,736698,15,0,0,0,1
1984,0,27,736698,15,0,0,0,1
1984,1,27,736698,15,0,0,0,1
1984,1,27,718121,23,0,0,0,1
1984,1,7,736698,15,2,1,0,1
1984,1,47,736698,15,3,0,1,1
1984,1,27,706343,13,0,0,0,1
1984,1,27,706343,13,0,0,0,1
1984,1,27,706343,13,0,0,0,1
1984,1,27,706343,13,0,0,0,1
1984,1,27,706343,13,0,0,0,1
1984,1,23,706343,13,3,0,0,1
1984,1,16,736698,15,2,0,1,1
1984,1,27,727741,7,0,0,0,1
1984,1,27,731568,20,0,0,0,1
1984,1,27,727741,7,0,0,0,1
1984,1,27,728111,6,0,0,0,1
1984,1,16,728111,6,2,0,0,1
1984,1,24,728111,6,2,0,0,1
1984,1,27,726304,24,0,0,0,1
1984,1,27,726304,24,0,0,0,1
1984,1,27,726304,24,0,0,0,1
1984,1,27,726304,24,0,0,0,1
1984,1,27,726304,24,0,0,0,3
1984,1,27,726304,24,0,0,0,1
1984,1,27,726304,24,0,0,0,1
1984,1,24,726304,24,2,0,0,1
1984,1,27,674208,0,0,0,0,1
1984,1,27,674208,0,0,0,0,1
1984,1,12,674208,0,3,0,0,1
1984,1,24,674208,0,2,1,1,1
1984,1,27,728111,6,0,0,0,1
1984,1,27,728111,6,0,0,0,1
1984,1,27,728111,6,0,0,0,1
1984,1,27,728111,6,0,0,0,1
1984,1,27,727741,7,0,0,0,1
1984,1,27,786593,27,0,0,0,1
1984,1,27,786593,27,0,0,0,1
1984,1,27,786593,27,0,0,0,1
1984,1,27,786593,27,0,0,0,1
1984,1,27,786593,27,0,0,0,1
1984,1,27,786593,27,0,0,0,1
1984,1,27,673469,16,0,0,0,1
1984,0,27,786593,27,0,0,0,1
1984,1,27,786593,27,0,0,0,1
1984,1,27,786593,27,0,0,0,1
1984,1,27,786593,27,0,0,0,1
1984,1,43,786593,27,2,1,1,1
1984,1,24,786593,27,2,0,0,1
1984,1,27,728111,6,0,0,0,1
1984,1,27,728111,6,0,0,0,1
1984,1,27,786593,27,0,0,0,1
1984,1,27,673469,16,0,0,0,1
1984,1,27,786593,27,0,0,0,1
1984,1,7,673469,16,2,0,0,1
1984,1,27,695101,12,0,0,0,1
1984,1,39,695101,12,3,0,1,2
1984,1,16,695101,12,2,0,0,1
1984,1,27,690388,18,0,0,0,1
1984,1,27,690388,18,0,0,0,1
1984,1,27,690388,18,0,0,0,1
1984,1,27,690388,18,0,0,0,1
1984,1,16,690388,18,2,0,0,2
1984,1,27,727741,7,0,0,0,1
1984,1,27,727741,7,0,0,0,1
1984,1,27,727741,7,0,0,0,1
1984,0,27,727741,7,0,0,0,1
1984,1,27,727741,7,0,0,0,2
1984,1,27,673469,16,0,0,0,1
1984,1,27,727741,7,0,0,0,1
1984,1,27,695101,12,0,0,0,1
1984,1,27,695101,12,0,0,0,1
1984,1,40,690388,18,3,0,1,1
1984,1,27,695101,12,0,0,0,1
1984,1,34,673469,16,2,0,0,1
1984,1,27,673469,16,0,0,0,1
1984,1,27,695101,12,0,0,0,1
1984,1,27,701138,1,0,0,0,1
1984,1,27,701138,1,0,0,0,1
1984,0,27,701138,1,0,0,0,1
1984,0,16,701138,1,2,0,1,1
1984,1,24,701138,1,2,0,0,1
1984,1,27,701138,1,0,0,0,1
1984,1,27,717790,8,0,0,0,1
1984,1,27,717790,8,0,0,0,1
1984,1,24,717790,8,2,1,1,1
1984,1,27,717790,8,0,0,0,1
1984,1,27,717790,8,0,0,0,1
1984,1,12,717790,8,3,0,0,1
1984,1,27,717790,8,0,0,0,1
1984,1,27,717790,8,0,0,0,1
1989,1,27,957847,20,0,0,0,1
1989,1,35,957847,20,2,0,0,1
1989,1,27,957847,20,0,0,0,1
1989,1,27,957847,20,0,0,0,1
1989,1,27,957847,20,0,0,0,1
1989,1,27,957847,20,0,0,0,1
1989,1,27,957847,20,0,0,0,1
1989,1,27,957847,20,0,0,0,1
1989,1,27,957847,20,0,0,0,1
1989,1,27,957847,20,0,0,0,1
1989,1,27,957847,20,0,0,0,1
1989,1,35,991943,23,2,0,0,1
1989,1,24,957847,20,2,0,1,2
1989,1,16,957847,20,2,0,0,1
1989,1,27,991943,23,0,0,0,1
1989,1,27,991943,23,0,0,0,1
1989,1,27,991943,23,0,0,0,1
1989,1,7,991943,23,2,0,0,1
1989,1,12,991943,23,3,0,0,1
1989,1,47,991943,23,3,0,1,1
1989,1,27,1017274,15,0,0,0,1
1989,1,27,957847,20,0,0,0,1
1989,1,27,1017274,15,0,0,0,1
1989,1,7,957847,20,2,0,0,1
1989,1,24,946025,19,2,0,1,2
1989,0,24,921201,17,2,0,0,1
1989,1,7,946025,19,2,0,0,1
1989,1,35,1017274,15,2,0,0,1
1989,1,27,921201,17,0,0,0,1
1989,1,27,921201,17,0,0,0,1
1989,1,27,921201,17,0,0,0,1
1989,1,27,921201,17,0,0,0,1
1989,1,27,921201,17,0,0,0,1
1989,1,27,921201,17,0,0,0,1
1989,1,7,921201,17,2,0,0,1
1989,1,16,921201,17,2,0,0,1
1989,1,27,912039,28,0,0,0,1
1989,0,27,912039,28,0,0,0,1
1989,1,16,946025,19,2,0,0,1
1989,1,27,912039,28,0,0,0,1
1989,1,27,912039,28,0,0,0,1
1989,1,27,912039,28,0,0,0,1
1989,1,27,912039,28,0,0,0,1
1989,1,7,912039,28,2,0,0,1
1989,0,12,912039,28,3,0,0,1
1989,1,24,912039,28,2,0,1,2
1989,1,27,946025,19,0,0,0,1
1989,1,11,946025,19,4,0,0,1
1989,1,27,946025,19,0,0,0,1
1989,1,27,946025,19,0,0,0,1
1989,1,35,946025,19,2,0,0,1
1989,1,27,912039,28,0,0,0,1
1989,1,27,1017274,15,0,0,0,1
1989,1,27,939750,9,0,0,0,1
1989,1,27,1017274,15,0,0,0,1
1989,1,7,984309,29,2,0,0,1
1989,1,24,984309,29,2,0,0,1
1989,1,21,984309,29,4,1,1,4
1989,1,27,939750,9,0,0,0,1
1989,0,27,939750,9,0,0,0,1
1989,1,27,939750,9,0,0,0,1
1989,1,27,939750,9,0,0,0,1
1989,1,35,939750,9,2,0,0,1
1989,1,7,939750,9,2,0,0,1
1989,1,16,939750,9,2,0,0,1
1989,1,24,939750,9,2,0,1,1
1989,1,27,1010280,10,0,0,0,1
1989,1,27,1010280,10,0,0,0,1
1989,1,27,1010280,10,0,0,0,1
1989,1,27,1010280,10,0,0,0,1
1989,1,27,1010280,10,0,0,0,1
1989,1,27,1010280,10,0,0,0,1
1989,1,27,1010280,10,0,0,0,1
1989,0,27,1010280,10,0,0,0,1
1989,1,27,1010280,10,0,0,0,1
1989,1,7,1010280,10,2,0,0,1
1989,1,24,1010280,10,2,0,1,2
1989,1,16,1010280,10,2,0,0,1
1989,1,27,984309,29,0,0,0,1
1989,1,35,984309,29,2,0,0,1
1989,1,27,984309,29,0,0,0,1
1989,1,27,984309,29,0,0,0,1
1989,1,27,1017274,15,0,0,0,1
1989,1,27,1017274,15,0,0,0,1
1989,1,27,1017274,15,0,0,0,1
1989,1,27,1017274,15,0,0,0,1
1989,1,27,1017274,15,0,0,0,1
1989,1,11,1017274,15,4,0,0,1
1989,1,27,1017274,15,0,0,0,1
1989,0,7,1017274,15,2,0,0,1
1989,1,27,1017274,15,0,0,0,1
1989,1,47,1017274,15,3,0,1,3
1989,1,27,958405,13,0,0,0,1
1989,1,27,1017274,15,0,0,0,1
1989,1,27,958405,13,0,0,0,1
1989,1,27,958405,13,0,0,0,1
1989,1,27,958405,13,0,0,0,1
1989,1,27,958405,13,0,0,0,1
1989,1,35,958405,13,2,0,0,1
1989,1,7,958405,13,2,0,0,1
1989,1,16,958405,13,2,0,0,1
1989,1,24,958405,13,2,0,0,1
1989,1,27,984309,29,0,0,0,1
1989,1,27,984309,29,0,0,0,1
1989,1,27,984309,29,0,0,0,1
1989,1,27,984309,29,0,0,0,1
1989,1,27,958405,13,0,0,0,1
1989,1,27,921201,17,0,0,0,1
1989,1,35,921201,17,2,0,0,1
1989,1,27,961739,7,0,0,0,1
1989,1,35,951856,24,2,0,0,1
1989,1,27,951856,24,0,0,0,1
1989,1,27,951856,24,0,0,0,1
1989,1,7,951856,24,2,0,0,1
1989,1,60,951856,24,3,0,0,1
1989,1,24,951856,24,2,0,1,1
1989,1,27,880093,0,0,0,0,1
1989,1,27,880093,0,0,0,0,1
1989,1,27,880093,0,0,0,0,1
1989,1,11,880093,0,4,0,0,1
1989,1,35,880093,0,2,0,0,1
1989,1,27,951856,24,0,0,0,1
1989,1,7,880093,0,2,0,0,1
1989,1,24,880093,0,2,0,0,1
1989,1,27,840010,16,0,0,0,1
1989,1,27,840010,16,0,0,0,1
1989,1,27,840010,16,0,0,0,1
1989,1,27,840010,16,0,0,0,1
1989,1,11,840010,16,4,0,0,1
1989,1,27,840010,16,0,0,0,1
1989,1,35,840010,16,2,0,0,1
1989,1,7,840010,16,2,0,0,1
1989,1,31,840010,16,2,1,1,2
1989,1,24,840010,16,2,0,1,2
1989,1,12,880093,0,3,0,0,1
1989,1,27,884874,1,0,0,0,1
1989,1,27,951856,24,0,0,0,1
1989,1,24,984118,6,2,0,1,1
1989,1,24,961739,7,2,0,1,2
1989,1,27,1024210,27,0,0,0,1
1989,1,27,1024210,27,0,0,0,1
1989,1,27,1024210,27,0,0,0,1
1989,1,27,1024210,27,0,0,0,1
1989,1,27,1024210,27,0,0,0,1
1989,1,27,1024210,27,0,0,0,1
1989,1,27,1024210,27,0,0,0,1
1989,1,35,1024210,27,2,0,0,1
1989,1,27,1024210,27,0,0,0,1
1989,1,27,1024210,27,0,0,0,1
1989,1,27,951856,24,0,0,0,1
1989,1,27,1024210,27,0,0,0,1
1989,1,7,1024210,27,2,0,0,1
1989,1,27,1024210,27,0,0,0,1
1989,1,24,1024210,27,2,0,1,2
1989,1,27,984118,6,0,0,0,1
1989,1,27,984118,6,0,0,0,1
1989,1,27,984118,6,0,0,0,1
1989,1,11,984118,6,4,0,0,1
1989,1,27,984118,6,0,0,0,1
1989,1,35,984118,6,2,0,0,1
1989,1,7,984118,6,2,0,0,1
1989,0,16,984118,6,2,0,0,1
1989,1,27,1024210,27,0,0,0,1
1989,1,72,884874,1,4,0,0,1
1989,1,35,961739,7,2,0,0,1
1989,1,7,884874,1,2,0,0,1
1989,1,18,895057,18,1,0,0,1
1989,1,27,895057,18,0,0,0,1
1989,1,27,895057,18,0,0,0,1
1989,1,27,895057,18,0,0,0,1
1989,1,27,895057,18,0,0,0,2
1989,1,27,895057,18,0,0,0,1
1989,1,27,895057,18,0,0,0,1
1989,1,27,895057,18,0,0,0,1
1989,1,27,895057,18,0,0,0,1
1989,1,7,895057,18,2,0,0,1
1989,1,39,895057,18,3,0,0,2
1989,1,27,895057,18,0,0,0,1
1989,1,41,895057,18,3,0,0,1
1989,1,11,961739,7,4,0,0,1
1989,1,27,961739,7,0,0,0,1
1989,1,27,961739,7,0,0,0,1
1989,1,27,961739,7,0,0,0,1
1989,1,27,961739,7,0,0,0,1
1989,1,27,961739,7,0,0,0,1
1989,1,35,884874,1,2,0,0,1
1989,1,27,961739,7,0,0,0,1
1989,1,27,961739,7,0,0,0,1
1989,1,7,961739,7,2,0,0,1
1989,1,27,895057,18,0,0,0,1
1989,1,24,890166,12,2,0,0,1
1989,1,27,961739,7,0,0,0,1
1989,1,7,890166,12,2,0,0,1
1989,1,16,890166,12,2,0,1,2
1989,1,16,884874,1,2,0,0,1
1989,1,24,884874,1,2,0,1,1
1989,1,27,972940,8,0,0,0,1
1989,1,27,972940,8,0,0,0,1
1989,1,27,972940,8,0,0,0,1
1989,1,27,972940,8,0,0,0,1
1989,1,27,972940,8,0,0,0,1
1989,1,27,972940,8,0,0,0,1
1989,1,27,972940,8,0,0,0,1
1989,1,27,972940,8,0,0,0,1
1989,1,18,972940,8,1,0,0,1
1989,1,27,972940,8,0,0,0,1
1989,1,11,972940,8,4,0,0,1
1989,1,35,972940,8,2,0,0,1
1989,1,35,890166,12,2,0,0,1
1989,1,27,890166,12,0,0,0,1
1989,1,27,890166,12,0,0,0,1
1989,1,18,890166,12,1,0,0,1
1989,1,27,890166,12,0,0,0,1
1989,1,24,972940,8,2,0,0,1
1989,0,16,972940,8,2,0,0,1
1989,1,7,972940,8,2,0,0,1
1989,1,27,890166,12,0,0,0,1
1989,1,11,890166,12,4,0,0,1
1991,1,36,982228,20,3,0,0,1
1991,0,7,982228,20,2,0,0,1
1991,1,27,1011439,23,0,0,0,1
1991,1,16,982228,20,2,0,1,2
1991,1,24,982228,20,2,0,0,1
1991,1,27,1011439,23,0,0,0,1
1991,1,27,1011439,23,0,0,0,1
1991,1,27,1011439,23,0,0,0,1
1991,1,27,1011439,23,0,0,0,1
1991,1,27,1053645,15,0,0,0,1
1991,1,12,1011439,23,3,0,0,1
1991,1,47,1011439,23,3,0,1,1
1991,1,27,1053645,15,0,0,0,1
1991,1,27,1053645,15,0,0,0,1
1991,1,27,1053645,15,0,0,0,1
1991,1,27,1053645,15,0,0,0,1
1991,1,27,1053645,15,0,0,0,1
1991,1,27,982228,20,0,0,0,1
1991,1,27,1053645,15,0,0,0,1
1991,1,7,1011439,23,2,0,0,2
1991,1,27,982228,20,0,0,0,2
1991,0,24,974881,17,2,0,1,1
1991,1,16,981499,19,2,0,0,2
1991,0,7,1053645,15,2,0,0,1
1991,1,27,1019504,7,0,0,0,1
1991,1,7,1019504,7,2,0,0,1
1991,1,16,1019504,7,2,0,0,2
1991,1,24,1019504,7,2,0,1,1
1991,1,27,974881,17,0,0,0,2
1991,1,27,974881,17,0,0,0,1
1991,1,27,974881,17,0,0,0,1
1991,1,7,974881,17,2,0,0,1
1991,1,24,981499,19,2,0,1,1
1991,1,16,974881,17,2,0,0,1
1991,1,27,968128,28,0,0,0,1
1991,1,27,968128,28,0,0,0,1
1991,1,27,968128,28,0,0,0,1
1991,1,27,968128,28,0,0,0,1
1991,1,7,968128,28,2,0,0,1
1991,1,12,968128,28,3,0,0,1
1991,1,24,968128,28,2,0,0,1
1991,1,27,981499,19,0,0,0,1
1991,1,7,981499,19,2,0,0,1
1991,1,27,968128,28,0,0,0,1
1991,1,27,1053645,15,0,0,0,1
1991,1,27,968420,9,0,0,0,1
1991,1,27,1014583,13,0,0,0,1
1991,1,27,1019504,7,0,0,0,1
1991,1,27,968420,9,0,0,0,1
1991,1,27,968420,9,0,0,0,1
1991,1,7,968420,9,2,0,0,1
1991,1,16,968420,9,2,0,0,1
1991,1,24,968420,9,2,0,1,2
1991,1,27,1036913,10,0,0,0,1
1991,1,27,1036913,10,0,0,0,1
1991,1,27,1036913,10,0,0,0,1
1991,1,43,968420,9,2,0,0,1
1991,1,27,1036913,10,0,0,0,1
1991,1,27,1036913,10,0,0,0,1
1991,1,27,1036913,10,0,0,0,1
1991,1,27,1036913,10,0,0,0,1
1991,0,27,1036913,10,0,0,0,1
1991,1,27,1036913,10,0,0,0,1
1991,1,27,1036913,10,0,0,0,1
1991,1,7,1036913,10,2,0,0,1
1991,1,24,1036913,10,2,0,0,1
1991,1,16,1036913,10,2,0,1,3
1991,1,36,1036913,10,3,0,0,1
1991,1,47,1053645,15,3,0,0,1
1991,1,27,968420,9,0,0,0,1
1991,1,27,968420,9,0,0,0,1
1991,1,27,1014583,13,0,0,0,1
1991,0,27,1014583,13,0,0,0,1
1991,1,27,1014583,13,0,0,0,1
1991,1,27,1014583,13,0,0,0,1
1991,1,27,1014583,13,0,0,0,1
1991,1,27,1014583,13,0,0,0,1
1991,1,11,1014583,13,4,0,0,1
1991,1,27,1014583,13,0,0,0,1
1991,1,7,1014583,13,2,0,0,1
1991,1,27,968420,9,0,0,0,1
1991,1,31,1014583,13,2,1,0,1
1991,1,27,1030244,29,0,0,0,1
1991,1,27,1030244,29,0,0,0,1
1991,1,27,1030244,29,0,0,0,1
1991,1,27,1030244,29,0,0,0,1
1991,1,27,1030244,29,0,0,0,1
1991,1,36,1030244,29,3,0,0,1
1991,1,27,1030244,29,0,0,0,1
1991,1,27,1030244,29,0,0,0,1
1991,1,21,1030244,29,4,0,1,1
1991,1,24,1014583,13,2,0,1,2
1991,1,27,1019504,7,0,0,0,1
1991,1,27,1036913,10,0,0,0,1
1991,1,27,1019504,7,0,0,0,2
1991,1,24,979397,24,2,0,1,2
1991,1,11,900486,0,4,0,0,1
1991,1,27,900486,0,0,0,0,1
1991,1,27,900486,0,0,0,0,1
1991,1,7,900486,0,2,0,0,1
1991,0,12,900486,0,3,0,0,1
1991,1,24,900486,0,2,0,1,2
1991,1,11,862770,16,4,0,0,1
1991,1,27,862770,16,0,0,0,2
1991,1,36,862770,16,3,0,0,1
1991,1,7,862770,16,2,0,0,1
1991,1,16,862770,16,2,0,0,1
1991,1,24,862770,16,2,0,1,1
1991,1,27,944397,1,0,0,0,1
1991,1,27,944397,1,0,0,0,1
1991,1,27,944397,1,0,0,0,1
1991,1,27,944397,1,0,0,0,2
1991,1,60,979397,24,3,0,0,1
1991,1,7,979397,24,2,0,0,1
1991,1,27,979397,24,0,0,0,1
1991,1,27,979397,24,0,0,0,1
1991,1,36,1019504,7,3,0,0,1
1991,1,27,1047069,27,0,0,0,1
1991,1,11,1047069,27,4,0,0,1
1991,1,58,1047069,27,4,0,0,1
1991,1,7,1047069,27,2,0,0,1
1991,0,12,1047069,27,3,0,0,1
1991,1,24,1047069,27,2,0,1,3
1991,1,27,1003307,6,0,0,0,1
1991,1,7,944397,1,2,0,0,1
1991,0,27,1003307,6,0,0,0,1
1991,1,27,1003307,6,0,0,0,1
1991,1,58,1003307,6,4,0,0,2
1991,1,7,1003307,6,2,0,0,1
1991,1,24,1003307,6,2,0,1,2
1991,0,16,1003307,6,2,0,0,1
1991,1,27,979397,24,0,0,0,1
1991,1,27,979397,24,0,0,0,1
1991,1,43,979397,24,2,0,0,1
1991,1,27,1003307,6,0,0,0,1
1991,1,24,944397,1,2,0,1,1
1991,1,27,1003307,6,0,0,0,1
1991,1,27,997877,8,0,0,0,1
1991,1,17,942937,18,1,0,0,1
1991,1,27,942937,18,0,0,0,1
1991,1,27,942937,18,0,0,0,1
1991,1,36,942937,18,3,0,0,1
1991,1,27,942937,18,0,0,0,1
1991,1,11,942937,18,4,0,0,1
1991,1,18,942937,18,1,0,0,1
1991,1,7,942937,18,2,0,0,1
1991,1,24,938252,12,2,0,1,2
1991,1,27,942937,18,0,0,0,1
1991,1,27,1019504,7,0,0,0,1
1991,1,27,1019504,7,0,0,0,1
1991,1,27,1019504,7,0,0,0,1
1991,1,27,1019504,7,0,0,0,2
1991,1,11,1019504,7,4,0,0,1
1991,0,43,1019504,7,2,0,0,1
1991,1,16,944397,1,2,0,0,1
1991,1,27,1019504,7,0,0,0,2
1991,1,41,942937,18,3,0,1,1
1991,1,31,938252,12,2,0,0,1
1991,1,17,1019504,7,1,0,0,1
1991,1,11,938252,12,4,0,0,1
1991,1,7,938252,12,2,0,0,1
1991,1,27,997877,8,0,0,0,1
1991,1,27,997877,8,0,0,0,1
1991,1,27,997877,8,0,0,0,2
1991,1,27,997877,8,0,0,0,1
1991,1,27,997877,8,0,0,0,1
1991,1,27,997877,8,0,0,0,1
1991,1,11,997877,8,4,0,0,1
1991,1,27,997877,8,0,0,0,1
1991,1,27,997877,8,0,0,0,1
1991,1,39,997877,8,3,0,0,1
1991,1,24,997877,8,2,0,1,1
1991,1,27,938252,12,0,0,0,1
1991,1,27,938252,12,0,0,0,1
1991,1,27,938252,12,0,0,0,1
1991,1,27,938252,12,0,0,0,1
1991,1,17,938252,12,1,0,0,1
1991,1,27,938252,12,0,0,0,1
1991,1,7,997877,8,2,0,0,1
1993,2,27,981499,19,0,0,0,1
1993,2,27,981499,19,0,0,0,1
1993,2,27,981499,19,0,0,0,1
1993,2,27,981499,19,0,0,0,1
1993,2,11,981499,19,4,0,0,1
1993,2,27,981499,19,0,0,0,1
1993,2,7,981499,19,2,0,0,1
1993,2,24,981499,19,2,0,0,1
1993,2,16,981499,19,2,0,0,1
1993,2,27,981499,19,0,0,0,1
1996,1,27,1062083,20,0,0,0,2
1996,1,27,1062083,20,0,0,0,1
1996,1,27,1062083,20,0,0,0,1
1996,1,27,1062083,20,0,0,0,1
1996,1,27,1062083,20,0,0,0,1
1996,1,27,1062083,20,0,0,0,1
1996,1,12,1091180,23,3,0,0,1
1996,1,27,1062083,20,0,0,0,1
1996,1,16,1035900,19,2,0,0,1
1996,0,24,1035900,19,2,0,0,1
1996,1,7,1035900,19,2,0,0,1
1996,1,27,1062083,20,0,0,0,1
1996,1,27,1062083,20,0,0,0,1
1996,1,27,1062083,20,0,0,0,1
1996,1,53,1062083,20,1,0,0,1
1996,1,27,1062083,20,0,0,0,1
1996,1,36,1062083,20,3,0,0,1
1996,1,7,1062083,20,2,0,0,1
1996,1,24,1062083,20,2,0,1,1
1996,1,16,1062083,20,2,0,0,1
1996,1,27,1091180,23,0,0,0,1
1996,0,27,1091180,23,0,0,0,1
1996,1,53,1035900,19,1,0,0,1
1996,1,27,1091180,23,0,0,0,1
1996,1,53,1091180,23,1,0,0,1
1996,1,7,1091180,23,2,0,0,1
1996,1,27,1062083,20,0,0,0,1
1996,1,12,995232,28,3,0,0,1
1996,1,27,1004427,17,0,0,0,1
1996,0,7,995232,28,2,0,0,1
1996,1,47,1091180,23,3,0,0,1
1996,1,24,1070063,7,2,0,1,1
1996,1,27,1070063,7,0,0,0,1
1996,1,27,1004427,17,0,0,0,1
1996,1,27,1004427,17,0,0,0,1
1996,1,27,1004427,17,0,0,0,1
1996,1,7,1004427,17,2,0,0,1
1996,1,16,1004427,17,2,0,0,1
1996,1,24,1004427,17,2,0,1,1
1996,1,27,995232,28,0,0,0,1
1996,1,27,995232,28,0,0,0,1
1996,1,27,995232,28,0,0,0,1
1996,1,24,995232,28,2,0,0,1
1996,1,27,995232,28,0,0,0,1
1996,1,27,995232,28,0,0,0,1
1996,1,27,995232,28,0,0,0,1
1996,1,27,995232,28,0,0,0,1
1996,1,27,995232,28,0,0,0,1
1996,1,27,995232,28,0,0,0,1
1996,1,27,995232,28,0,0,0,1
1996,1,27,995232,28,0,0,0,1
1996,1,27,995232,28,0,0,0,1
1996,1,27,995232,28,0,0,0,1
1996,1,27,995232,28,0,0,0,1
1996,1,27,995232,28,0,0,0,1
1996,1,27,995232,28,0,0,0,1
1996,1,27,995232,28,0,0,0,1
1996,1,27,1153025,15,0,0,0,1
1996,0,27,1119715,10,0,0,0,1
1996,1,27,1153025,15,0,0,0,1
1996,0,27,1046188,9,0,0,0,1
1996,1,27,1046188,9,0,0,0,1
1996,1,27,1046188,9,0,0,0,1
1996,1,7,1046188,9,2,0,0,1
1996,1,20,1046188,9,3,1,0,1
1996,1,24,1046188,9,2,0,1,3
1996,1,27,1119715,10,0,0,0,1
1996,1,27,1119715,10,0,0,0,1
1996,1,27,1119715,10,0,0,0,1
1996,1,27,1119715,10,0,0,0,1
1996,1,27,1119715,10,0,0,0,1
1996,1,27,1119715,10,0,0,0,1
1996,1,27,1046188,9,0,0,0,1
1996,1,27,1119715,10,0,0,0,1
1996,1,27,1119715,10,0,0,0,1
1996,1,27,1119715,10,0,0,0,1
1996,1,27,1119715,10,0,0,0,1
1996,1,27,1119715,10,0,0,0,1
1996,1,27,1119715,10,0,0,0,1
1996,1,27,1119715,10,0,0,0,1
1996,1,27,1119715,10,0,0,0,1
1996,1,27,1119715,10,0,0,0,1
1996,1,27,1119715,10,0,0,0,1
1996,1,7,1119715,10,2,0,0,1
1996,1,24,1119715,10,2,0,0,3
1996,1,16,1119715,10,2,0,0,1
1996,1,7,1070063,7,2,0,0,1
1996,1,27,1046188,9,0,0,0,1
1996,1,27,1046188,9,0,0,0,3
1996,1,16,1089716,29,2,0,0,1
1996,1,28,1153025,15,1,0,0,1
1996,1,27,1153025,15,0,0,0,1
1996,1,27,1153025,15,0,0,0,1
1996,1,53,1153025,15,1,0,0,1
1996,1,7,1153025,15,2,0,0,1
1996,1,16,1153025,15,2,0,0,1
1996,1,47,1153025,15,3,0,1,1
1996,1,27,1059411,13,0,0,0,1
1996,1,27,1059411,13,0,0,0,1
1996,1,27,1059411,13,0,0,0,1
1996,1,27,1059411,13,0,0,0,1
1996,1,27,1059411,13,0,0,0,1
1996,1,27,1059411,13,0,0,0,1
1996,1,27,1059411,13,0,0,0,1
1996,1,27,1059411,13,0,0,0,1
1996,1,7,1059411,13,2,0,0,1
1996,1,24,1059411,13,2,0,1,3
1996,1,31,1059411,13,2,0,0,1
1996,1,27,1089716,29,0,0,0,1
1996,1,63,1089716,29,2,0,0,1
1996,1,27,1089716,29,0,0,0,1
1996,1,27,1089716,29,0,0,0,1
1996,1,53,1089716,29,1,0,0,1
1996,1,27,1089716,29,0,0,0,1
1996,1,27,1089716,29,0,0,0,1
1996,1,7,1089716,29,2,0,0,1
1996,1,24,1089716,29,2,1,1,1
1996,1,27,1153025,15,0,0,0,1
1996,1,27,1070063,7,0,0,0,1
1996,1,27,968334,12,0,0,0,1
1996,1,27,1070063,7,0,0,0,1
1996,1,16,1035445,6,2,0,0,1
1996,1,36,1022175,24,3,0,0,1
1996,1,27,1022175,24,0,0,0,1
1996,1,27,1022175,24,0,0,0,1
1996,1,27,1022175,24,0,0,0,1
1996,1,27,1022175,24,0,0,0,1
1996,1,27,1022175,24,0,0,0,1
1996,1,27,1022175,24,0,0,0,1
1996,1,19,1022175,24,4,0,0,1
1996,0,27,1022175,24,0,0,0,1
1996,1,24,1022175,24,2,0,1,2
1996,1,24,1035445,6,2,0,0,2
1996,1,60,1022175,24,3,0,0,1
1996,1,36,940100,0,3,0,0,1
1996,1,27,940100,0,0,0,0,1
1996,1,27,940100,0,0,0,0,1
1996,1,7,940100,0,2,0,0,1
1996,1,12,940100,0,3,0,0,1
1996,1,24,940100,0,2,0,1,1
1996,1,27,880820,16,0,0,0,1
1996,1,27,880820,16,0,0,0,1
1996,1,27,880820,16,0,0,0,3
1996,1,7,880820,16,2,0,0,1
1996,1,16,880820,16,2,0,0,1
1996,1,27,940100,0,0,0,0,1
1996,1,24,880820,16,2,0,1,1
1996,1,27,1070063,7,0,0,0,2
1996,0,27,1035445,6,0,0,0,1
1996,1,27,1116833,27,0,0,0,1
1996,1,27,1116833,27,0,0,0,1
1996,1,27,1116833,27,0,0,0,1
1996,1,27,1116833,27,0,0,0,1
1996,1,27,1116833,27,0,0,0,1
1996,1,27,1116833,27,0,0,0,1
1996,1,27,1116833,27,0,0,0,1
1996,1,36,1116833,27,3,0,0,1
1996,1,27,1116833,27,0,0,0,1
1996,1,11,1116833,27,4,0,0,1
1996,1,7,1116833,27,2,0,0,1
1996,1,53,1035445,6,1,0,0,1
1996,1,24,1116833,27,2,0,1,1
1996,1,27,1035445,6,0,0,0,1
1996,1,27,1035445,6,0,0,0,1
1996,1,27,1035445,6,0,0,0,1
1996,1,27,1035445,6,0,0,0,1
1996,1,27,1035445,6,0,0,0,1
1996,1,27,1035445,6,0,0,0,1
1996,0,36,1035445,6,3,0,0,1
1996,1,27,1035445,6,0,0,0,1
1996,1,66,1035445,6,3,0,0,1
1996,1,27,1035445,6,0,0,0,1
1996,1,27,1035445,6,0,0,0,1
1996,1,12,1116833,27,3,0,0,1
1996,1,27,973861,1,0,0,0,1
1996,1,7,1035445,6,2,0,0,1
1996,1,27,973861,1,0,0,0,1
1996,1,27,968334,12,0,0,0,1
1996,1,11,968334,12,4,0,0,1
1996,0,31,968334,12,2,0,0,1
1996,1,24,968334,12,2,0,1,1
1996,1,27,975024,18,0,0,0,1
1996,1,27,975024,18,0,0,0,1
1996,0,27,975024,18,0,0,0,1
1996,1,27,975024,18,0,0,0,1
1996,1,27,975024,18,0,0,0,1
1996,1,27,975024,18,0,0,0,1
1996,1,27,975024,18,0,0,0,1
1996,1,7,975024,18,2,0,0,1
1996,1,27,975024,18,0,0,0,1
1996,1,41,975024,18,3,0,1,1
1996,1,27,1070063,7,0,0,0,1
1996,1,27,1070063,7,0,0,0,1
1996,1,27,1070063,7,0,0,0,2
1996,1,27,1070063,7,0,0,0,1
1996,1,27,1070063,7,0,0,0,1
1996,1,27,1070063,7,0,0,0,1
1996,1,27,1070063,7,0,0,0,1
1996,1,27,1070063,7,0,0,0,1
1996,1,27,1070063,7,0,0,0,1
1996,1,66,1070063,7,3,0,0,1
1996,1,27,973861,1,0,0,0,1
1996,1,27,968334,12,0,0,0,1
1996,1,36,968334,12,3,0,0,1
1996,1,27,1035445,6,0,0,0,1
1996,1,27,968334,12,0,0,0,1
1996,1,27,973861,1,0,0,0,1
1996,1,53,973861,1,1,0,0,1
1996,1,7,973861,1,2,0,0,1
1996,1,16,973861,1,2,0,1,1
1996,1,24,973861,1,2,0,0,1
1996,1,27,1034335,8,0,0,0,1
1996,1,27,1034335,8,0,0,0,1
1996,1,27,1034335,8,0,0,0,1
1996,1,27,1034335,8,0,0,0,2
1996,1,27,1034335,8,0,0,0,1
1996,1,11,1034335,8,4,0,0,1
1996,1,7,1034335,8,2,0,0,1
1996,1,39,1034335,8,3,0,0,1
1996,1,27,968334,12,0,0,0,1
1996,1,27,968334,12,0,0,0,1
1996,1,27,968334,12,0,0,0,1
1996,1,27,968334,12,0,0,0,1
1996,1,27,968334,12,0,0,0,1
1996,1,27,968334,12,0,0,0,1
1996,1,27,968334,12,0,0,0,1
1996,1,27,968334,12,0,0,0,1
1996,1,27,968334,12,0,0,0,1
1996,1,66,968334,12,3,0,0,1
1996,1,27,968334,12,0,0,0,1
1996,1,27,968334,12,0,0,0,1
1996,1,24,1034335,8,2,0,0,1
1997,1,27,1072701,7,0,0,0,1
1997,1,27,1072701,7,0,0,0,1
1997,1,27,1072701,7,0,0,0,1
1997,1,27,1072701,7,0,0,0,1
1997,1,27,1072701,7,0,0,0,1
1997,1,24,1072701,7,2,0,0,1
1997,1,27,1072701,7,0,0,0,1
1997,1,53,1072701,7,1,0,0,1
1998,1,7,1053290,8,2,0,0,1
1998,1,27,967961,0,0,0,0,1
1998,1,27,967961,0,0,0,0,1
1998,1,7,967961,0,2,0,0,1
1998,1,24,967961,0,2,0,1,1
1998,1,12,967961,0,3,0,0,1
1998,1,27,893600,16,0,0,0,1
1998,1,11,893600,16,4,0,0,1
1998,1,7,893600,16,2,0,0,1
1998,1,27,893600,16,0,0,0,1
1998,1,24,893600,16,2,0,1,1
1998,1,60,1061740,24,3,0,1,1
1998,0,16,989265,1,2,0,0,1
1998,1,24,989265,1,2,0,1,1
1998,1,27,1053290,8,0,0,0,1
1998,1,27,1053290,8,0,0,0,1
1998,1,27,1053290,8,0,0,0,1
1998,1,27,1053290,8,0,0,1,1
1998,1,27,1053290,8,0,0,0,1
1998,1,11,1053290,8,4,0,0,1
1998,0,27,989265,1,0,0,0,1
1998,0,7,989265,1,2,0,0,1
1998,0,7,1061740,24,2,0,0,1
1998,1,27,1061740,24,0,0,0,1
1998,1,27,1166449,27,0,0,0,1
1998,1,27,1166449,27,0,0,0,1
1998,1,27,1166449,27,0,0,0,1
1998,1,27,1166449,27,0,0,0,1
1998,1,27,1166449,27,0,0,0,1
1998,1,11,1166449,27,4,0,0,1
1998,1,39,1053290,8,3,0,0,1
1998,1,12,1166449,27,3,0,1,1
1998,1,24,1166449,27,2,0,0,1
1998,0,27,1059243,6,0,0,0,1
1998,1,27,1059243,6,0,0,0,1
1998,1,27,1059243,6,0,0,0,1
1998,1,27,1059243,6,0,0,0,1
1998,1,27,1059243,6,0,0,0,1
1998,1,11,1059243,6,4,0,0,1
1998,1,7,1059243,6,2,0,0,1
1998,1,24,1059243,6,2,0,0,1
1998,1,16,1059243,6,2,0,0,1
1998,1,27,1061740,24,0,0,0,1
1998,1,27,1061740,24,0,0,0,1
1998,1,27,1061740,24,0,0,0,1
1998,1,24,1061740,24,2,0,0,1
1998,1,7,1166449,27,2,0,0,1
1998,1,24,1053290,8,2,0,1,1
1998,1,52,982587,12,3,0,0,1
1998,1,24,1082831,13,2,0,0,1
1998,1,31,1082831,13,2,0,1,1
1998,1,7,1082831,13,2,0,0,1
1998,1,28,1082831,13,1,0,0,1
1998,1,27,1082831,13,0,0,0,1
1998,1,27,1082831,13,0,0,0,1
1998,1,27,1125076,29,0,0,0,1
1998,1,47,1174799,15,3,1,1,1
1998,0,7,1174799,15,2,0,0,1
1998,1,28,1174799,15,1,0,0,1
1998,1,47,1105709,23,3,1,1,1
1998,0,12,1105709,23,3,0,0,1
1998,0,7,1105709,23,2,0,0,1
1998,1,53,1105709,23,1,0,0,1
1998,1,16,1174799,15,2,0,0,1
1998,1,28,1125076,29,1,0,0,1
1998,1,7,1125076,29,2,0,0,1
1998,1,24,1125076,29,2,0,0,1
1998,1,27,982587,12,0,0,0,1
1998,1,16,1141067,10,2,0,1,1
1998,1,24,1141067,10,2,0,0,1
1998,1,7,1141067,10,2,0,0,1
1998,1,28,1141067,10,1,0,0,1
1998,1,66,1141067,10,3,0,0,1
1998,1,27,1141067,10,0,0,0,1
1998,1,24,1071756,9,2,0,1,1
1998,1,27,1071756,9,0,0,0,1
1998,1,7,1071756,9,2,0,0,1
1998,1,28,1071756,9,1,0,0,1
1998,1,27,1071756,9,0,0,0,1
1998,1,77,1071756,9,1,0,0,1
1998,1,27,1071756,9,0,0,0,1
1998,0,16,1125076,29,2,0,0,1
1998,1,27,1105709,23,0,0,0,1
1998,1,16,1076444,20,2,0,1,1
1998,1,27,1125076,29,0,0,0,1
1998,1,7,1076444,20,2,0,0,1
1998,1,66,1034337,17,3,0,0,1
1998,1,27,1034337,17,0,0,0,1
1998,1,24,1127002,7,2,0,0,1
1998,1,27,1127002,7,0,0,1,1
1998,1,7,1127002,7,2,0,0,1
1998,1,27,1127002,7,0,0,0,2
1998,1,41,998846,18,3,0,1,1
1998,1,31,998846,18,2,0,0,1
1998,1,7,998846,18,2,0,0,1
1998,1,53,998846,18,1,0,0,1
1998,1,27,998846,18,0,0,0,1
1998,1,16,982587,12,2,0,0,1
1998,1,24,982587,12,2,0,1,1
1998,1,7,982587,12,2,0,0,1
1998,1,24,1076444,20,2,0,0,1
1998,1,11,1034337,17,4,0,0,1
1998,1,7,1034337,17,2,0,0,1
1998,1,11,982587,12,4,0,0,1
1998,1,16,1052499,19,2,0,1,1
1998,1,27,1076444,20,0,0,0,1
1998,1,11,1076444,20,4,0,0,1
1998,1,27,1076444,20,0,0,0,1
1998,1,27,1076444,20,0,0,0,1
1998,1,16,1034337,17,2,0,0,1
1998,0,24,1052499,19,2,0,0,1
1998,1,7,1052499,19,2,0,0,1
1998,1,27,1052499,19,0,0,0,1
1998,1,12,1024211,28,3,0,1,1
1998,1,24,1024211,28,2,0,0,1
1998,1,7,1024211,28,2,0,0,1
1998,1,36,1024211,28,3,0,0,1
1998,1,27,1024211,28,0,0,0,1
1998,1,63,1024211,28,2,0,0,1
1998,1,24,1034337,17,2,0,1,1
1999,1,33,1071266,28,3,0,0,1
1999,1,27,1071266,28,0,0,0,1
1999,0,24,1132416,20,2,0,0,1
1999,1,27,1071266,28,0,0,0,1
1999,1,27,1071266,28,0,0,0,1
1999,1,27,1071266,28,0,0,0,1
1999,1,12,1071266,28,3,0,1,2
1999,1,7,1132416,20,2,0,0,1
1999,1,7,1103327,19,2,0,0,2
1999,1,24,1103327,19,2,0,0,1
1999,1,16,1103327,19,2,0,1,2
1999,1,56,1132416,20,4,0,0,2
1999,1,27,1132416,20,0,0,0,1
1999,1,11,1132416,20,4,0,0,1
1999,1,24,1083445,17,2,0,1,1
1999,1,24,1071266,28,2,0,1,1
1999,1,16,1083445,17,2,0,0,1
1999,1,24,1180911,7,2,0,1,2
1999,1,27,1083445,17,0,0,0,1
1999,1,7,1020153,18,2,0,0,1
1999,1,16,1020153,18,2,0,0,1
1999,1,41,1020153,18,3,0,1,2
1999,1,56,1180911,7,4,1,0,1
1999,1,27,1180911,7,0,0,0,1
1999,1,27,1180911,7,0,0,0,1
1999,1,70,1083445,17,1,0,0,1
1999,1,27,1180911,7,0,0,0,1
1999,0,7,1180911,7,2,0,0,1
1999,1,27,1083445,17,0,0,0,1
1999,1,27,1083445,17,0,0,0,1
1999,1,11,1083445,17,4,0,0,1
1999,1,27,1083445,17,0,0,0,1
1999,0,27,1083445,17,0,0,0,1
1999,1,27,1180911,7,0,0,0,1
1999,1,16,1132416,20,2,0,1,1
1999,1,16,1199964,10,2,0,1,2
1999,1,27,1146335,23,0,0,0,1
1999,1,27,1121192,9,0,0,0,1
1999,1,27,1121192,9,0,0,0,1
1999,1,27,1121192,9,0,0,0,1
1999,1,27,1121192,9,0,0,0,2
1999,1,33,1121192,9,3,1,0,1
1999,1,24,1121192,9,2,0,1,2
1999,1,16,1121192,9,2,0,0,1
1999,1,27,1199964,10,0,0,0,1
1999,1,27,1199964,10,0,0,0,1
1999,1,27,1199964,10,0,0,0,1
1999,1,27,1199964,10,0,0,0,1
1999,0,66,1199964,10,3,0,0,1
1999,1,7,1199964,10,2,0,0,2
1999,1,24,1199964,10,2,0,0,2
1999,1,27,1020153,18,0,0,0,1
1999,0,16,1155934,29,2,0,1,2
1999,1,56,1146335,23,4,0,0,1
1999,1,24,1155934,29,2,0,0,2
1999,1,27,1155934,29,0,0,0,1
1999,1,7,1146335,23,2,0,0,1
1999,1,12,1146335,23,3,0,0,1
1999,1,47,1146335,23,3,0,1,2
1999,1,33,1217888,15,3,0,0,1
1999,1,16,1217888,15,2,0,0,1
1999,1,47,1217888,15,3,0,1,2
1999,0,27,1124640,13,0,0,0,1
1999,1,27,1124640,13,0,0,0,1
1999,1,27,1124640,13,0,0,0,1
1999,1,27,1124640,13,0,0,0,1
1999,1,7,1124640,13,2,0,0,1
1999,1,32,1124640,13,3,0,0,1
1999,1,24,1124640,13,2,0,0,1
1999,1,27,1155934,29,0,0,0,1
1999,1,27,1155934,29,0,0,0,1
1999,1,7,1155934,29,2,0,0,1
1999,1,27,1020153,18,0,0,0,1
1999,1,27,1180911,7,0,0,0,1
1999,1,16,1018385,12,2,0,1,2
1999,1,27,1007138,0,0,0,0,1
1999,1,16,1088597,24,2,0,0,1
1999,1,24,1088597,24,2,0,0,1
1999,0,33,1088597,24,3,1,0,1
1999,1,27,1088597,24,0,0,0,1
1999,1,27,1088597,24,0,0,0,1
1999,0,27,1088597,24,0,0,0,1
1999,1,27,1088597,24,0,0,0,2
1999,1,27,1088597,24,0,0,0,1
1999,0,27,1088597,24,0,0,0,1
1999,1,16,1096417,6,2,0,1,2
1999,1,24,1096417,6,2,0,0,1
1999,1,7,1096417,6,2,0,0,1
1999,1,27,1096417,6,0,0,0,2
1999,1,27,1096417,6,0,0,0,1
1999,1,27,1096417,6,0,0,0,1
1999,1,27,1096417,6,0,0,0,1
1999,1,27,1020153,18,0,0,0,1
1999,1,27,1198918,27,0,0,0,1
1999,1,27,1198918,27,0,0,0,1
1999,1,66,1198918,27,3,0,0,1
1999,1,27,1198918,27,0,0,0,1
1999,1,27,1198918,27,0,0,0,1
1999,0,11,1007138,0,4,0,0,1
1999,1,2,1198918,27,1,0,0,1
1999,0,27,1198918,27,0,0,0,1
1999,1,7,1198918,27,2,0,0,1
1999,1,12,1198918,27,3,0,0,1
1999,1,24,1198918,27,2,0,0,1
1999,1,27,1096417,6,0,0,0,1
1999,1,27,1096417,6,0,0,0,1
1999,1,27,1198918,27,0,0,0,1
1999,1,7,1007138,0,2,0,0,1
1999,1,27,1198918,27,0,0,0,1
1999,1,24,1007138,0,2,0,0,2
1999,1,24,1018385,12,2,0,1,1
1999,1,12,1007138,0,3,0,1,2
1999,1,7,1018385,12,2,0,0,1
1999,1,11,1018385,12,4,0,0,1
1999,1,27,1018385,12,0,0,0,1
1999,1,27,1018385,12,0,0,0,1
1999,1,27,1018385,12,0,0,0,1
1999,1,39,1121484,8,3,0,0,2
1999,1,24,1121484,8,2,0,1,1
1999,1,33,1121484,8,3,0,0,1
1999,1,27,1121484,8,0,0,0,1
1999,1,11,1121484,8,4,0,0,1
1999,1,27,1121484,8,0,0,0,1
1999,1,27,1121484,8,0,0,0,1
1999,1,27,1121484,8,0,0,0,2
1999,0,27,1018385,12,0,0,0,1
1999,1,27,1121484,8,0,0,0,1
1999,1,27,936952,16,0,0,0,1
1999,1,7,936952,16,2,0,0,1
1999,1,27,1121484,8,0,0,0,1
1999,1,27,936952,16,0,0,0,1
1999,1,24,936952,16,2,0,0,1
1999,1,27,1033539,1,0,0,0,1
1999,1,27,936952,16,0,0,0,1
1999,1,27,1033539,1,0,0,0,1
1999,1,27,1033539,1,0,0,0,1
1999,1,27,936952,16,0,0,0,1
1999,1,27,1033539,1,0,0,0,1
1999,1,7,1033539,1,2,0,0,1
1999,1,16,1033539,1,2,0,0,1
1999,1,24,1033539,1,2,0,1,2
1999,0,27,1033539,1,0,0,0,1
2003,1,27,1088644,7,0,0,0,1
2003,1,27,1088644,7,0,0,0,1
2003,1,27,1088644,7,0,0,0,1
2003,1,27,1088644,7,0,0,0,1
2003,1,24,1088644,7,2,0,0,1
2003,1,27,1088644,7,0,0,0,1
2003,1,27,1088644,7,0,0,0,1
2004,1,27,990733,28,0,0,0,1
2004,1,33,990733,28,3,0,0,1
2004,1,11,990733,28,4,0,0,1
2004,1,27,990733,28,0,0,0,1
2004,1,27,990733,28,0,0,0,1
2004,1,7,990733,28,2,0,0,1
2004,1,24,990733,28,2,0,1,1
2004,1,12,990733,28,3,0,0,1
2004,1,11,1092142,19,4,0,0,1
2004,1,27,1092142,19,0,0,0,1
2004,1,16,1113144,20,2,0,1,1
2004,0,24,1092142,19,2,0,0,1
2004,1,16,1092142,19,2,0,1,1
2004,1,13,1113144,20,1,0,0,1
2004,1,27,1113144,20,0,0,0,1
2004,1,11,1113144,20,4,0,0,1
2004,1,24,1113144,20,2,0,0,1
2004,1,27,1113144,20,0,0,0,1
2004,1,7,1113144,20,2,0,0,1
2004,1,16,1024150,17,2,0,0,1
2004,1,7,1092142,19,2,0,0,1
2004,0,24,1024150,17,2,0,0,1
2004,1,27,984053,18,0,0,0,1
2004,0,27,1024150,17,0,0,0,1
2004,1,27,984053,18,0,0,0,1
2004,1,27,1172057,23,0,0,0,1
2004,1,27,984053,18,0,0,0,1
2004,1,27,984053,18,0,0,0,1
2004,1,41,984053,18,3,0,0,1
2004,1,16,984053,18,2,0,0,1
2004,1,22,984053,18,1,1,1,1
2004,1,33,1069131,7,3,0,0,1
2004,1,27,1069131,7,0,0,0,1
2004,1,7,1024150,17,2,0,0,1
2004,1,27,1069131,7,0,0,0,1
2004,1,27,1069131,7,0,0,0,1
2004,0,27,1069131,7,0,0,0,1
2004,1,7,1069131,7,2,0,0,1
2004,1,24,1069131,7,2,0,0,1
2004,1,27,1069131,7,0,0,1,1
2004,1,27,1024150,17,0,0,0,1
2004,1,11,1024150,17,4,0,0,1
2004,1,27,1024150,17,0,0,0,1
2004,1,27,1024150,17,0,0,0,1
2004,1,27,1069131,7,0,0,0,1
2004,1,53,1172057,23,1,0,0,1
2004,1,27,1160134,10,0,0,0,1
2004,1,12,1172057,23,3,0,0,1
2004,1,27,1088892,9,0,0,0,1
2004,1,27,1088892,9,0,0,0,1
2004,1,27,1088892,9,0,0,0,1
2004,1,27,1088892,9,0,0,0,1
2004,1,27,1088892,9,0,0,0,1
2004,1,27,1088892,9,0,0,0,1
2004,1,27,1088892,9,0,0,0,1
2004,1,7,1088892,9,2,0,0,1
2004,1,24,1088892,9,2,0,0,4
2004,0,16,1092826,29,2,0,0,1
2004,1,16,1088892,9,2,0,1,1
2004,1,27,1160134,10,0,0,0,1
2004,1,27,1160134,10,0,0,0,2
2004,1,27,1160134,10,0,0,0,1
2004,1,11,1160134,10,4,0,0,1
2004,1,27,1160134,10,0,0,0,1
2004,1,7,1160134,10,2,0,0,1
2004,1,24,1160134,10,2,0,0,1
2004,1,16,1160134,10,2,0,0,1
2004,1,27,984053,18,0,0,0,1
2004,1,27,1160134,10,0,0,0,1
2004,0,24,1092826,29,2,0,0,1
2004,1,7,1092826,29,2,0,0,1
2004,1,27,1092826,29,0,0,0,1
2004,1,47,1172057,23,3,0,1,1
2004,1,11,1262202,15,4,0,0,1
2004,1,27,1262202,15,0,0,0,1
2004,0,7,1262202,15,2,0,0,1
2004,1,47,1262202,15,3,0,0,1
2004,1,16,1262202,15,2,0,0,1
2004,1,27,1110149,13,0,0,0,1
2004,1,27,1110149,13,0,0,0,1
2004,0,27,1110149,13,0,0,0,1
2004,1,27,1110149,13,0,0,0,1
2004,1,27,1110149,13,0,0,0,1
2004,1,11,1110149,13,4,0,0,1
2004,1,27,1110149,13,0,0,0,1
2004,1,27,1110149,13,0,0,0,1
2004,1,27,1110149,13,0,0,0,1
2004,1,27,1110149,13,0,0,0,1
2004,1,7,1110149,13,2,0,0,1
2004,1,24,1110149,13,2,0,0,1
2004,1,32,1110149,13,3,1,0,2
2004,1,27,1092826,29,0,0,0,1
2004,1,27,1092826,29,0,0,0,1
2004,1,7,1172057,23,2,0,0,1
2004,1,27,984053,18,0,0,0,1
2004,1,24,1020604,6,2,0,0,1
2004,1,27,984053,18,0,0,0,1
2004,1,27,1020604,6,0,0,0,1
2004,1,11,1020604,6,4,0,0,1
2004,1,7,1020604,6,2,0,0,1
2004,1,16,1020604,6,2,0,1,1
2004,0,27,1031593,24,0,0,0,1
2004,1,27,1031593,24,0,0,0,1
2004,0,27,1031593,24,0,0,0,1
2004,1,27,1020604,6,0,0,0,1
2004,1,27,1031593,24,0,0,0,1
2004,1,27,1031593,24,0,0,0,1
2004,1,7,1031593,24,2,0,0,1
2004,1,24,1031593,24,2,0,0,1
2004,1,16,1031593,24,2,0,1,1
2004,1,57,960122,0,4,1,0,1
2004,1,11,960122,0,4,0,0,1
2004,1,27,960122,0,0,0,0,1
2004,1,11,1031593,24,4,0,0,1
2004,1,27,1020604,6,0,0,0,1
2004,1,27,1020604,6,0,0,0,1
2004,1,27,1020604,6,0,0,0,1
2004,1,27,984053,18,0,0,0,1
2004,1,27,1112571,27,0,0,0,1
2004,1,27,1112571,27,0,0,0,1
2004,1,27,1112571,27,0,0,0,1
2004,1,27,1112571,27,0,0,0,1
2004,1,27,1112571,27,0,0,0,1
2004,1,27,1112571,27,0,0,0,1
2004,1,27,1112571,27,0,0,0,1
2004,1,3,1112571,27,1,0,0,1
2004,1,27,1112571,27,0,0,0,1
2004,1,27,1112571,27,0,0,0,1
2004,1,11,1112571,27,4,0,0,1
2004,1,7,1112571,27,2,0,0,1
2004,1,24,1112571,27,2,0,1,1
2004,1,12,1112571,27,3,0,0,1
2004,1,27,1020604,6,0,0,0,1
2004,1,27,1020604,6,0,0,0,1
2004,1,7,960122,0,2,0,0,1
2004,1,24,960122,0,2,0,1,3
2004,1,27,1112571,27,0,0,0,1
2004,0,27,871592,16,0,0,0,1
2004,1,7,1034338,8,2,0,0,1
2004,1,24,1034338,8,2,0,0,1
2004,1,39,1034338,8,3,0,1,2
2004,1,27,963886,12,0,0,0,1
2004,1,27,963886,12,0,0,0,1
2004,1,33,963886,12,3,0,0,1
2004,0,27,963886,12,0,0,0,1
2004,1,11,963886,12,4,0,0,1
2004,1,27,984053,18,0,0,0,1
2004,1,7,963886,12,2,0,0,1
2004,1,24,963886,12,2,0,0,1
2004,1,16,963886,12,2,0,1,1
2004,1,27,984053,18,0,0,0,1
2004,1,27,984053,18,0,0,0,1
2004,1,27,984053,18,0,0,0,1
2004,1,27,984053,18,0,0,0,1
2004,1,12,960122,0,3,0,0,1
2004,1,27,1034338,8,0,0,0,1
2004,1,11,1034338,8,4,0,0,1
2004,0,27,1034338,8,0,0,0,1
2004,1,27,1034338,8,0,0,0,1
2004,1,27,871592,16,0,0,0,1
2004,0,27,871592,16,0,0,0,1
2004,1,68,871592,16,1,0,0,1
2004,1,11,871592,16,4,0,0,1
2004,1,7,871592,16,2,1,0,1
2004,1,24,871592,16,2,0,1,1
2004,0,16,871592,16,2,0,0,1
2004,1,27,1034338,8,0,0,0,1
2004,1,27,971154,1,0,0,0,1
2004,1,27,971154,1,0,0,0,1
2004,1,33,971154,1,3,0,0,1
2004,1,27,971154,1,0,0,0,1
2004,1,7,971154,1,2,0,0,1
2004,1,24,971154,1,2,0,1,2
2004,1,16,971154,1,2,0,0,1
2004,1,27,1034338,8,0,0,0,1
2004,1,27,1034338,8,0,0,0,1
2004,1,27,971154,1,0,0,0,1
2005,1,27,1114280,27,0,0,0,1
2005,1,27,1114280,27,0,0,0,1
2005,0,27,1114280,27,0,0,0,1
2005,1,27,1114280,27,0,0,0,1
2005,1,27,1114280,27,0,0,0,1
2005,1,27,1114280,27,0,0,0,1
2005,1,27,1114280,27,0,0,0,1
2005,1,27,1114280,27,0,0,0,1
2005,1,27,1114280,27,0,0,0,1
2005,1,27,1114280,27,0,0,0,1
2005,1,27,1114280,27,0,0,0,1
2005,1,7,1114280,27,2,0,0,1
2005,1,24,1114280,27,2,0,0,1
2005,1,12,1114280,27,3,0,0,1
2005,1,27,1114280,27,0,0,0,1
2009,1,27,997075,23,0,0,0,1
2009,1,16,1074818,20,2,0,0,1
2009,1,24,1074818,20,2,0,0,1
2009,1,7,1074818,20,2,0,0,1
2009,1,27,1074818,20,0,0,0,1
2009,1,51,1074818,20,4,0,0,1
2009,1,27,1074818,20,0,0,0,1
2009,1,27,997075,23,0,0,0,1
2009,1,27,1074818,20,0,0,0,1
2009,1,27,1074818,20,0,0,0,1
2009,1,11,1075390,5,4,0,0,1
2009,1,27,997075,23,0,0,0,1
2009,1,27,997075,23,0,0,0,1
2009,1,27,1074818,20,0,0,0,1
2009,1,27,997075,23,0,0,0,1
2009,1,11,997075,23,4,0,0,1
2009,1,27,997075,23,0,0,0,1
2009,1,27,997075,23,0,0,0,1
2009,1,27,997075,23,0,0,0,1
2009,1,7,997075,23,2,0,0,1
2009,1,27,997075,23,0,0,0,1
2009,1,47,997075,23,3,0,0,1
2009,1,11,1019713,14,4,0,0,1
2009,1,27,997075,23,0,0,0,1
2009,1,11,1074818,20,4,0,0,1
2009,0,7,1100843,2,2,0,0,1
2009,1,24,1100843,2,2,0,0,1
2009,0,27,1075390,5,0,0,0,1
2009,1,27,1075390,5,0,0,0,1
2009,1,7,1075390,5,2,0,0,1
2009,1,16,1075390,5,2,0,0,1
2009,1,24,1075390,5,2,0,0,1
2009,1,27,1174161,28,0,0,0,1
2009,1,7,1019713,14,2,0,0,1
2009,1,33,1174161,28,3,0,0,1
2009,1,27,1174161,28,0,0,0,1
2009,1,27,1174161,28,0,0,0,1
2009,1,27,1174161,28,0,0,0,1
2009,1,27,1174161,28,0,0,0,1
2009,1,11,1174161,28,4,0,0,1
2009,1,27,1174161,28,0,0,0,1
2009,0,7,1174161,28,2,0,0,1
2009,1,12,1174161,28,3,0,0,1
2009,1,24,1174161,28,2,0,0,1
2009,1,27,1100843,2,0,0,0,1
2009,1,27,1100843,2,0,0,0,1
2009,1,27,1100843,2,0,0,0,1
2009,1,13,1100843,2,1,0,0,1
2009,1,11,1100843,2,4,0,0,1
2009,1,27,1100843,2,0,0,0,1
2009,1,16,1100843,2,2,0,0,1
2009,1,16,1019713,14,2,0,1,1
2009,1,27,1113892,10,0,0,0,1
2009,1,27,1053817,13,0,0,0,1
2009,0,27,1071171,29,0,0,0,1
2009,0,27,1071171,29,0,0,0,1
2009,1,11,1071171,29,4,0,0,1
2009,1,27,1071171,29,0,0,0,1
2009,1,7,1071171,29,2,0,0,1
2009,0,16,1071171,29,2,0,1,1
2009,1,24,1071171,29,2,0,0,2
2009,1,27,1069725,9,0,0,0,1
2009,1,11,1069725,9,4,0,0,1
2009,1,27,1069725,9,0,0,0,1
2009,1,27,1069725,9,0,0,0,1
2009,1,77,1069725,9,1,0,0,1
2009,1,27,1069725,9,0,0,0,1
2009,1,7,1069725,9,2,0,0,1
2009,1,16,1069725,9,2,0,0,1
2009,1,24,1069725,9,2,0,0,1
2009,1,27,1113892,10,0,0,0,1
2009,1,27,1113892,10,0,0,0,2
2009,0,11,1113892,10,4,0,0,1
2009,1,7,1113892,10,2,0,0,1
2009,0,24,1113892,10,2,0,0,1
2009,1,16,1113892,10,2,0,1,1
2009,1,27,1075390,5,0,0,0,1
2009,1,27,1071171,29,0,0,0,1
2009,1,24,1102097,30,2,0,0,1
2009,1,12,1102097,30,3,0,0,1
2009,1,51,1102097,30,4,1,0,1
2009,1,27,1053817,13,0,0,0,1
2009,1,27,1053817,13,0,0,0,1
2009,1,27,1053817,13,0,0,0,1
2009,1,27,1053817,13,0,0,0,1
2009,1,27,1053817,13,0,0,0,1
2009,1,27,1053817,13,0,0,0,1
2009,1,27,1053817,13,0,0,0,1
2009,1,27,1053817,13,0,0,0,1
2009,1,27,1053817,13,0,0,0,1
2009,1,27,1053817,13,0,0,0,1
2009,1,11,1053817,13,4,0,0,1
2009,1,47,1019713,14,3,0,1,1
2009,1,27,1053817,13,0,0,0,1
2009,1,24,1053817,13,2,0,0,1
2009,1,27,1102097,30,0,0,0,1
2009,1,27,1102097,30,0,0,0,1
2009,1,27,1102097,30,0,0,0,1
2009,1,27,1102097,30,0,0,0,1
2009,1,11,1102097,30,4,0,0,1
2009,1,27,1102097,30,0,0,0,1
2009,1,27,1102097,30,0,0,0,1
2009,1,27,1102097,30,0,0,0,1
2009,1,27,1102097,30,0,0,0,1
2009,1,7,1102097,30,2,0,0,1
2009,1,7,1053817,13,2,0,0,1
2009,1,27,1075390,5,0,0,0,1
2009,1,16,1053817,13,2,0,0,1
2009,1,42,1075390,5,4,0,0,1
2009,1,24,1091432,4,2,0,0,1
2009,1,16,1091432,4,2,0,0,1
2009,1,27,1108686,11,0,0,0,1
2009,1,27,1108686,11,0,0,0,1
2009,0,27,1108686,11,0,0,0,1
2009,1,27,1108686,11,0,0,0,1
2009,1,27,1108686,11,0,0,0,1
2009,1,27,1108686,11,0,0,0,1
2009,1,27,1108686,11,0,0,0,1
2009,1,11,1108686,11,4,0,0,1
2009,1,7,1108686,11,2,0,0,1
2009,1,16,1108686,11,2,0,1,1
2009,1,24,1108686,11,2,0,0,2
2009,1,27,1213370,21,0,0,0,1
2009,1,27,1213370,21,0,0,0,1
2009,1,27,1213370,21,0,0,0,1
2009,1,13,1213370,21,1,0,0,1
2009,1,27,1213370,21,0,0,0,1
2009,1,27,1213370,21,0,0,0,1
2009,1,27,1213370,21,0,0,0,1
2009,1,51,1213370,21,4,0,0,1
2009,1,11,1213370,21,4,0,0,1
2009,1,7,1213370,21,2,0,0,1
2009,1,7,1091432,4,2,0,0,1
2009,1,11,1091432,4,4,0,0,1
2009,1,27,1091432,4,0,0,0,1
2009,1,66,1091432,4,3,0,0,1
2009,1,27,1122047,27,0,0,0,1
2009,1,27,1122047,27,0,0,0,1
2009,1,10,1122047,27,1,0,0,1
2009,1,27,1122047,27,0,0,0,1
2009,1,27,1122047,27,0,0,0,1
2009,1,27,1122047,27,0,0,0,1
2009,1,27,1122047,27,0,0,0,1
2009,1,27,1122047,27,0,0,0,1
2009,1,1,1122047,27,3,0,0,1
2009,1,27,1122047,27,0,0,0,1
2009,1,27,1122047,27,0,0,0,1
2009,1,16,1213370,21,2,0,0,1
2009,1,51,1122047,27,4,1,0,1
2009,1,11,1122047,27,4,1,0,1
2009,1,12,1122047,27,3,0,0,1
2009,1,24,1122047,27,2,0,0,1
2009,1,27,1091432,4,0,0,0,1
2009,1,27,1075390,5,0,0,0,1
2009,1,27,1091432,4,0,0,0,1
2009,1,27,1091432,4,0,0,0,1
2009,1,27,1091432,4,0,0,0,1
2009,1,27,1091432,4,0,0,0,1
2009,1,27,1091432,4,0,0,0,1
2009,1,27,1091432,4,0,0,0,1
2009,1,7,1122047,27,2,0,0,1
2009,1,24,1213370,21,2,0,0,1
2009,1,27,1091432,4,0,0,0,1
2009,0,27,1142993,16,0,0,0,1
2009,1,7,1095242,12,2,0,0,1
2009,1,16,1095242,12,2,0,1,1
2009,1,41,1095242,12,3,0,0,1
2009,1,27,1062849,8,0,0,0,1
2009,1,27,1062849,8,0,0,0,1
2009,1,27,1062849,8,0,0,0,1
2009,1,27,1062849,8,0,0,0,1
2009,1,27,1062849,8,0,0,0,1
2009,1,78,1062849,8,1,0,0,1
2009,1,11,1062849,8,4,0,0,1
2009,1,7,1062849,8,2,0,0,1
2009,1,11,1095242,12,4,0,0,1
2009,1,39,1062849,8,3,0,1,1
2009,1,27,1023053,7,0,0,0,1
2009,1,27,1023053,7,0,0,0,1
2009,1,42,1023053,7,4,0,0,1
2009,0,27,1023053,7,0,0,0,1
2009,0,27,1023053,7,0,0,0,1
2009,1,11,1023053,7,4,0,0,1
2009,1,7,1023053,7,2,0,0,1
2009,0,16,1023053,7,2,0,0,1
2009,1,24,1023053,7,2,0,0,1
2009,1,27,1075390,5,0,0,0,1
2009,1,27,1142993,16,0,0,0,1
2009,1,24,1062849,8,2,0,0,1
2009,1,27,1095242,12,0,0,1,1
2009,0,27,1023053,7,0,0,0,1
2009,1,27,1095242,12,0,0,0,1
2009,1,27,1142993,16,0,0,0,1
2009,1,27,1095242,12,0,0,0,1
2009,1,11,1142993,16,4,0,0,1
2009,1,7,1142993,16,2,0,0,1
2009,1,12,1142993,16,3,0,0,1
2009,1,24,1142993,16,2,0,0,1
2009,1,27,1147162,1,0,0,0,1
2009,1,11,1147162,1,4,0,0,1
2009,1,27,1147162,1,0,0,0,1
2009,1,16,1147162,1,2,0,1,1
2009,1,24,1147162,1,2,0,0,1
2009,1,27,1095242,12,0,0,0,1
2009,1,33,1147162,1,3,0,0,1
2009,1,27,1095242,12,0,0,0,1
2009,1,27,1095242,12,0,0,0,1
2009,1,27,1095242,12,0,0,0,1
2009,0,27,1095242,12,0,0,0,2
2009,1,27,1095242,12,0,0,0,1
2009,1,27,1095242,12,0,0,0,1
2009,1,27,1095242,12,0,0,0,1
2009,1,27,1095242,12,0,0,0,1
2009,1,76,1095242,12,1,0,0,1
2009,1,27,1095242,12,0,0,0,1
2009,1,27,1095242,12,0,0,0,1
2009,1,27,1095242,12,0,0,0,1
2014,1,79,1208726,20,1,0,0,1
2014,1,0,1208726,20,4,0,0,1
2014,1,65,1208726,20,1,0,0,1
2014,1,27,1208726,20,0,0,0,1
2014,1,66,1208726,20,3,0,0,1
2014,1,27,1208726,20,0,0,0,1
2014,1,27,1208726,20,0,0,0,1
2014,1,27,1208726,20,0,0,0,1
2014,1,27,1208726,20,0,0,0,1
2014,1,1,1208726,20,3,0,0,1
2014,1,27,1208726,20,0,0,0,1
2014,0,7,1208726,20,2,0,0,1
2014,1,16,1216351,2,2,0,1,1
2014,1,11,1208726,20,4,0,0,1
2014,1,67,1208726,20,1,1,0,1
2014,1,27,1180789,23,0,0,0,1
2014,1,27,1180789,23,0,0,0,1
2014,0,24,1216351,2,2,0,0,1
2014,1,27,1198444,14,0,0,0,1
2014,1,27,1198444,14,0,0,0,1
2014,1,27,1198444,14,0,0,0,1
2014,1,27,1198444,14,0,0,0,1
2014,1,30,1180789,23,3,1,1,1
2014,1,7,1180789,23,2,0,0,1
2014,1,65,1180789,23,1,0,0,1
2014,1,27,1180789,23,0,0,0,1
2014,1,0,1180789,23,4,0,0,1
2014,1,27,1180789,23,0,0,0,1
2014,0,27,1180789,23,0,0,0,1
2014,1,11,1180789,23,4,0,0,1
2014,1,27,1180789,23,0,0,0,1
2014,1,16,1208726,20,2,0,1,1
2014,1,7,1216351,2,2,0,0,1
2014,1,24,1150497,5,2,0,1,1
2014,1,65,1216351,2,1,0,0,1
2014,1,33,1275288,28,3,1,0,1
2014,1,27,1275288,28,0,0,0,1
2014,1,80,1275288,28,1,0,0,1
2014,1,27,1275288,28,0,0,0,1
2014,1,27,1150497,5,0,0,0,1
2014,1,7,1150497,5,2,0,0,1
2014,1,15,1275288,28,1,0,0,1
2014,1,0,1150497,5,4,0,0,1
2014,1,79,1150497,5,1,1,0,1
2014,1,27,1150497,5,0,0,0,1
2014,1,27,1150497,5,0,0,0,1
2014,1,11,1150497,5,4,0,0,1
2014,1,27,1150497,5,0,0,0,1
2014,1,65,1150497,5,1,0,0,1
2014,1,27,1275288,28,0,0,0,1
2014,1,11,1275288,28,4,0,0,1
2014,1,27,1275288,28,0,0,0,1
2014,1,27,1216351,2,0,0,0,1
2014,0,11,1216351,2,4,0,0,1
2014,1,27,1216351,2,0,0,0,1
2014,1,27,1216351,2,0,0,0,1
2014,1,27,1216351,2,0,0,0,1
2014,1,27,1216351,2,0,0,0,1
2014,1,27,1216351,2,0,0,0,1
2014,1,27,1216351,2,0,0,0,1
2014,1,12,1275288,28,3,0,0,1
2014,1,24,1275288,28,2,0,1,1
2014,1,7,1275288,28,2,0,0,1
2014,0,0,1275288,28,4,0,0,1
2014,0,65,1275288,28,1,0,0,1
2014,1,27,1275288,28,0,0,0,1
2014,1,0,1170266,9,4,0,0,1
2014,1,65,1198444,14,1,0,0,1
2014,1,27,1150497,5,0,0,0,1
2014,1,27,1170266,9,0,0,0,1
2014,1,27,1170266,9,0,0,0,1
2014,1,27,1170266,9,0,0,0,1
2014,1,11,1170266,9,4,0,0,1
2014,1,15,1170266,9,1,0,0,1
2014,0,27,1170266,9,0,0,0,1
2014,1,24,1182504,29,2,0,1,3
2014,1,16,1182504,29,2,0,0,1
2014,1,7,1182504,29,2,0,0,1
2014,1,27,1182504,29,0,0,0,1
2014,1,65,1182504,29,1,0,0,1
2014,1,0,1182504,29,4,0,0,1
2014,1,65,1170266,9,1,0,0,1
2014,1,27,1182504,29,0,0,0,1
2014,1,7,1170266,9,2,0,0,1
2014,0,16,1170266,9,2,0,0,1
2014,1,16,1243730,10,2,0,1,2
2014,1,24,1243730,10,2,0,0,1
2014,1,7,1243730,10,2,0,0,1
2014,1,65,1243730,10,1,0,0,1
2014,1,0,1243730,10,4,0,0,1
2014,1,27,1243730,10,0,0,0,1
2014,1,11,1243730,10,4,0,0,1
2014,1,27,1243730,10,0,0,0,1
2014,1,27,1243730,10,0,0,0,1
2014,1,27,1243730,10,0,0,0,1
2014,1,27,1243730,10,0,0,0,1
2014,1,27,1243730,10,0,0,0,1
2014,1,27,1243730,10,0,0,0,1
2014,1,1,1243730,10,3,0,0,2
2014,1,24,1170266,9,2,0,1,1
2014,1,79,1198444,14,1,0,0,1
2014,1,11,1182504,29,4,0,0,1
2014,1,27,1182504,29,0,0,0,1
2014,1,7,1182484,13,2,0,0,1
2014,1,0,1182484,13,4,0,0,1
2014,1,65,1182484,13,1,0,0,1
2014,1,27,1182484,13,0,0,0,1
2014,1,27,1182484,13,0,0,0,1
2014,1,27,1182484,13,0,0,0,1
2014,1,27,1182484,13,0,0,0,1
2014,1,11,1182484,13,4,0,0,1
2014,1,27,1182484,13,0,0,0,1
2014,1,27,1182484,13,0,0,0,1
2014,1,27,1182484,13,0,0,0,1
2014,1,30,1198444,14,3,1,1,2
2014,0,16,1198444,14,2,0,0,1
2014,1,7,1198444,14,2,0,0,1
2014,1,16,1182484,13,2,0,0,1
2014,1,27,1182504,29,0,0,0,1
2014,1,24,1182484,13,2,0,1,1
2014,1,27,1249420,30,0,0,0,1
2014,0,15,1182504,29,1,0,0,1
2014,1,24,1249420,30,2,0,1,1
2014,1,12,1249420,30,3,0,0,1
2014,1,7,1249420,30,2,0,0,1
2014,1,27,1249420,30,0,0,0,1
2014,1,65,1249420,30,1,0,0,1
2014,0,79,1249420,30,1,0,0,1
2014,1,0,1249420,30,4,0,0,1
2014,1,27,1249420,30,0,0,0,1
2014,1,27,1249420,30,0,0,0,1
2014,1,27,1249420,30,0,0,0,1
2014,1,11,1249420,30,4,0,0,1
2014,1,27,1249420,30,0,0,0,1
2014,1,15,1249420,30,1,0,0,1
2014,1,1,1249420,30,3,0,0,1
2014,1,66,1150497,5,3,0,0,1
2014,1,11,1198444,14,4,0,0,1
2014,1,27,1150497,5,0,0,0,1
2014,0,24,1251398,4,2,0,0,1
2014,1,16,1251398,4,2,0,1,1
2014,1,27,1219415,11,0,0,0,1
2014,1,27,1219415,11,0,0,0,1
2014,1,27,1219415,11,0,0,0,1
2014,1,27,1219415,11,0,0,0,1
2014,1,27,1219415,11,0,0,0,1
2014,1,27,1219415,11,0,0,0,1
2014,1,11,1219415,11,4,0,0,1
2014,1,65,1219415,11,1,0,0,1
2014,1,7,1219415,11,2,0,0,1
2014,1,16,1219415,11,2,0,0,1
2014,1,60,1219415,11,3,0,0,1
2014,1,27,1323906,21,0,0,0,2
2014,0,27,1323906,21,0,0,0,1
2014,1,68,1323906,21,1,0,0,1
2014,1,24,1323906,21,2,0,1,1
2014,1,27,1323906,21,0,0,0,1
2014,1,7,1323906,21,2,0,0,1
2014,1,27,1323906,21,0,0,0,1
2014,1,65,1323906,21,1,0,0,1
2014,0,7,1251398,4,2,0,0,1
2014,0,11,1323906,21,4,0,0,1
2014,0,73,1323906,21,4,0,0,1
2014,0,1,1323906,21,3,0,0,1
2014,1,27,1323906,21,0,0,0,1
2014,1,27,1323906,21,0,0,0,1
2014,1,27,1323906,21,0,0,0,1
2014,1,27,1323906,21,0,0,0,1
2014,1,27,1323906,21,0,0,0,1
2014,1,65,1251398,4,1,0,0,1
2014,1,11,1251398,4,4,0,0,1
2014,1,11,1272748,27,4,0,0,1
2014,1,27,1272748,27,0,0,0,1
2014,1,27,1272748,27,0,0,0,2
2014,0,27,1272748,27,0,0,0,1
2014,1,27,1272748,27,0,0,0,1
2014,1,73,1272748,27,4,0,0,1
2014,1,27,1272748,27,0,0,0,1
2014,1,27,1272748,27,0,0,0,1
2014,1,27,1272748,27,0,0,0,1
2014,1,27,1272748,27,0,0,0,1
2014,1,70,1272748,27,1,0,0,1
2014,1,59,1272748,27,3,0,0,1
2014,1,15,1150497,5,1,0,0,1
2014,1,66,1272748,27,3,0,0,1
2014,1,27,1252668,16,0,0,0,1
2014,1,27,1272748,27,0,0,0,1
2014,1,0,1272748,27,4,0,0,1
2014,1,66,1251398,4,3,0,0,1
2014,0,79,1251398,4,1,0,0,1
2014,1,27,1251398,4,0,0,0,1
2014,1,27,1251398,4,0,0,0,1
2014,1,27,1251398,4,0,0,0,1
2014,1,27,1251398,4,0,0,0,1
2014,1,65,1272748,27,1,0,0,1
2014,1,27,1251398,4,0,0,0,1
2014,1,27,1251398,4,0,0,0,1
2014,1,27,1251398,4,0,0,0,2
2014,1,33,1251398,4,3,0,0,1
2014,1,24,1272748,27,2,0,1,1
2014,1,7,1272748,27,2,0,0,2
2014,1,12,1272748,27,3,0,0,1
2014,1,59,1251398,4,3,0,0,1
2014,1,27,1252668,16,0,0,0,1
2014,0,58,1272748,27,4,0,0,1
2014,0,73,1252668,16,4,0,0,1
2014,1,27,1158735,8,0,0,0,1
2014,0,27,1158735,8,0,0,0,1
2014,1,11,1158735,8,4,0,0,1
2014,0,27,1158735,8,0,0,0,1
2014,1,15,1158735,8,1,0,0,1
2014,0,27,1158735,8,0,0,0,1
2014,1,65,1158735,8,1,0,0,1
2014,0,0,1158735,8,4,0,0,1
2014,1,7,1158735,8,2,0,0,1
2014,1,24,1158735,8,2,0,0,1
2014,0,27,1158735,8,0,0,0,1
2014,1,15,1156492,7,1,0,0,1
2014,1,27,1156492,7,0,0,0,1
2014,1,27,1156492,7,0,0,0,1
2014,1,27,1156492,7,0,0,0,1
2014,1,27,1156492,7,0,0,0,1
2014,1,11,1252668,16,4,0,0,1
2014,1,24,1156492,7,2,0,1,1
2014,0,1,1150497,5,3,0,0,1
2014,1,27,1156492,7,0,0,0,1
2014,1,7,1156492,7,2,0,0,2
2014,0,0,1156492,7,4,0,0,1
2014,1,27,1158735,8,0,0,0,1
2014,1,27,1156492,7,0,0,0,1
2014,1,27,1156492,7,0,0,0,1
2014,1,70,1156492,7,1,0,0,1
2014,1,27,1156492,7,0,0,0,1
2014,1,11,1156492,7,4,0,0,1
2014,1,33,1156492,7,3,0,0,1
2014,1,65,1156492,7,1,0,0,1
2014,1,27,1158735,8,0,0,0,1
2014,1,27,1158735,8,0,0,0,1
2014,1,27,1158735,8,0,0,0,1
2014,0,73,1271324,1,4,0,0,1
2014,1,11,1271324,1,4,0,0,1
2014,1,27,1271324,1,0,0,0,1
2014,1,27,1271324,1,0,0,0,1
2014,1,27,1271324,1,0,0,0,1
2014,1,27,1271324,1,0,0,0,1
2014,1,0,1271324,1,4,0,0,1
2014,1,27,1271324,1,0,0,0,1
2014,1,24,1252668,16,2,0,1,1
2014,1,12,1252668,16,3,0,0,1
2014,1,7,1252668,16,2,0,0,1
2014,1,65,1252668,16,1,0,0,1
2014,1,0,1252668,16,4,0,0,1
2014,1,27,1271324,1,0,0,0,1
2014,1,27,1158735,8,0,0,0,1
2014,1,65,1271324,1,1,0,0,1
2014,1,61,1271324,1,1,0,0,1
2014,1,41,1161465,12,3,0,1,1
2014,1,32,1161465,12,3,0,0,1
2014,1,27,1161465,12,0,0,0,1
2014,1,0,1161465,12,4,0,0,1
2014,1,65,1161465,12,1,0,0,1
2014,1,11,1161465,12,4,0,0,1
2014,1,27,1161465,12,0,0,0,1
2014,1,27,1161465,12,0,0,0,1
2014,1,15,1161465,12,1,0,0,1
2014,1,27,1161465,12,0,0,0,1
2014,1,24,1271324,1,2,0,1,1
2014,1,16,1271324,1,2,0,0,1
2014,1,73,1161465,12,4,0,0,1
2017,2,27,1198444,14,0,0,0,1
2017,2,27,1198444,14,0,0,0,1
2017,2,27,1198444,14,0,0,0,1
2017,2,27,1198444,14,0,0,0,1
2017,2,14,1198444,14,2,0,0,1
2017,2,27,1198444,14,0,0,0,1
2017,1,30,1198444,14,3,0,0,1
2017,2,27,1198444,14,0,0,0,1
2017,1,7,1198444,14,2,0,0,1
2019,1,27,1356803,23,0,0,0,1
2019,1,27,1356803,23,0,0,0,1
2019,1,27,1356803,23,0,0,0,1
2019,1,27,1356803,23,0,0,0,1
2019,1,27,1370544,14,0,0,0,1
2019,0,27,1356803,23,0,0,0,1
2019,1,65,1356803,23,1,0,0,1
2019,0,7,1356803,23,2,0,0,1
2019,1,27,1356803,23,0,0,0,1
2019,1,30,1356803,23,3,0,1,1
2019,1,27,1370544,14,0,0,0,1
2019,1,27,1356803,23,0,0,0,1
2019,1,27,1370544,14,0,0,0,1
2019,1,65,1370544,14,1,0,0,1
2019,1,7,1370544,14,2,0,0,1
2019,1,16,1370544,14,2,0,0,1
2019,1,30,1370544,14,3,0,1,1
2019,1,27,1318024,13,0,0,0,1
2019,1,27,1318024,13,0,0,0,1
2019,1,27,1318024,13,0,0,0,1
2019,0,27,1318024,13,0,0,0,1
2019,1,27,1318024,13,0,0,0,1
2019,1,27,1318024,13,0,0,0,1
2019,1,27,1318024,13,0,0,0,1
2019,1,74,1318024,13,4,0,0,1
2019,1,11,1370544,14,4,0,0,1
2019,1,27,1356803,23,0,0,0,1
2019,1,24,1323010,20,2,0,0,1
2019,1,16,1323010,20,2,0,1,2
2019,1,27,1318024,13,0,0,0,1
2019,1,7,1230197,5,2,0,0,1
2019,1,16,1230197,5,2,0,1,2
2019,1,24,1230197,5,2,0,0,1
2019,1,27,1337110,28,0,0,0,1
2019,1,27,1337110,28,0,0,0,1
2019,1,27,1337110,28,0,0,0,1
2019,1,15,1337110,28,1,0,0,1
2019,1,11,1337110,28,4,0,0,1
2019,1,7,1337110,28,2,0,0,1
2019,1,12,1337110,28,3,0,0,1
2019,1,24,1337110,28,2,0,0,1
2019,0,27,1356803,23,0,0,0,1
2019,1,27,1266794,2,0,0,0,1
2019,1,11,1266794,2,4,0,0,1
2019,1,6,1266794,2,1,0,0,1
2019,1,16,1266794,2,2,0,1,1
2019,0,24,1266794,2,2,0,0,1
2019,1,27,1323010,20,0,0,0,1
2019,1,27,1323010,20,0,0,0,1
2019,1,27,1323010,20,0,0,0,1
2019,1,11,1323010,20,4,0,0,2
2019,1,27,1323010,20,0,0,0,1
2019,1,65,1323010,20,1,0,0,1
2019,1,7,1323010,20,2,0,0,1
2019,1,27,1266794,2,0,0,0,1
2019,1,27,1318024,13,0,0,0,1
2019,1,16,1288926,29,2,0,0,1
2019,1,65,1288926,29,1,0,0,1
2019,1,7,1288926,29,2,0,0,1
2019,1,24,1288926,29,2,1,0,1
2019,1,64,1266550,9,1,0,0,1
2019,0,27,1266550,9,0,0,0,1
2019,1,27,1266550,9,0,0,0,1
2019,0,27,1266550,9,0,0,0,1
2019,1,27,1266550,9,0,0,0,2
2019,0,27,1266550,9,0,0,0,1
2019,1,27,1266550,9,0,0,0,1
2019,0,74,1266550,9,4,0,0,1
2019,1,27,1266550,9,0,0,0,3
2019,1,48,1288926,29,1,0,0,1
2019,1,7,1266550,9,2,0,0,1
2019,0,16,1266550,9,2,0,1,1
2019,1,24,1266550,9,2,0,0,4
2019,1,27,1363937,10,0,0,0,1
2019,1,27,1363937,10,0,0,0,1
2019,1,27,1363937,10,0,0,0,1
2019,1,27,1363937,10,0,0,0,1
2019,1,11,1363937,10,4,0,0,1
2019,1,27,1363937,10,0,0,0,1
2019,1,7,1363937,10,2,0,0,1
2019,1,16,1363937,10,2,0,0,1
2019,1,65,1230197,5,1,0,0,1
2019,1,65,1266550,9,1,0,0,1
2019,1,11,1318024,13,4,0,0,1
2019,1,27,1288926,29,0,0,0,1
2019,1,27,1288926,29,0,0,0,1
2019,1,7,1318024,13,2,0,0,1
2019,1,16,1318024,13,2,0,0,1
2019,1,24,1318024,13,2,0,1,1
2019,1,80,1359679,30,1,0,0,1
2019,1,27,1359679,30,0,0,0,1
2019,1,27,1359679,30,0,0,0,1
2019,1,64,1359679,30,1,0,0,1
2019,1,27,1359679,30,0,0,0,1
2019,1,5,1359679,30,1,0,0,1
2019,1,27,1359679,30,0,0,0,1
2019,1,27,1359679,30,0,0,0,1
2019,0,15,1359679,30,1,0,0,1
2019,1,27,1359679,30,0,0,0,1
2019,1,27,1288926,29,0,0,0,1
2019,1,27,1359679,30,0,0,0,1
2019,1,27,1359679,30,0,0,0,1
2019,1,27,1359679,30,0,0,0,1
2019,1,11,1359679,30,4,0,0,1
2019,1,27,1359679,30,0,0,0,1
2019,1,27,1359679,30,0,0,0,1
2019,1,65,1359679,30,1,0,0,1
2019,1,6,1359679,30,1,0,0,1
2019,1,12,1359679,30,3,0,0,1
2019,1,24,1359679,30,2,0,1,1
2019,1,27,1288926,29,0,0,0,1
2019,1,15,1288926,29,1,0,0,1
2019,1,27,1288926,29,0,0,0,1
2019,1,27,1288926,29,0,0,0,1
2019,1,11,1230197,5,4,0,0,1
2019,1,16,1296720,11,2,0,0,1
2019,1,27,1230197,5,0,0,0,1
2019,1,27,1350710,4,0,0,0,1
2019,1,11,1350710,4,4,0,0,1
2019,1,65,1350710,4,1,0,0,1
2019,1,27,1350710,4,0,0,0,1
2019,0,7,1350710,4,2,0,0,1
2019,1,16,1350710,4,2,0,1,1
2019,1,24,1350710,4,2,0,0,1
2019,1,27,1296720,11,0,0,0,1
2019,1,27,1296720,11,0,0,0,1
2019,1,27,1296720,11,0,0,0,1
2019,0,74,1296720,11,4,0,0,1
2019,0,27,1350710,4,0,0,0,1
2019,1,27,1296720,11,0,0,0,1
2019,1,7,1296720,11,2,0,0,1
2019,1,60,1296720,11,3,0,1,1
2019,1,27,1382741,21,0,0,0,1
2019,1,74,1382741,21,4,0,0,1
2019,1,4,1382741,21,1,0,0,1
2019,0,27,1382741,21,0,0,0,1
2019,1,11,1382741,21,4,0,0,1
2019,1,7,1382741,21,2,0,0,1
2019,1,53,1230197,5,3,0,0,1
2019,1,24,1382741,21,2,0,1,2
2019,1,27,1296720,11,0,0,0,1
2019,1,27,1308102,16,0,0,0,1
2019,1,27,1350710,4,0,0,0,1
2019,1,27,1350710,4,0,0,0,1
2019,1,27,1371427,27,0,0,0,3
2019,1,27,1371427,27,0,0,0,1
2019,1,27,1371427,27,0,0,0,1
2019,1,27,1371427,27,0,0,0,1
2019,1,27,1371427,27,0,0,0,1
2019,1,27,1371427,27,0,0,0,1
2019,1,27,1371427,27,0,0,0,1
2019,0,74,1371427,27,4,0,0,1
2019,1,27,1371427,27,0,0,0,1
2019,1,27,1371427,27,0,0,0,1
2019,1,54,1371427,27,1,0,0,1
2019,1,27,1371427,27,0,0,0,1
2019,1,27,1350710,4,0,0,0,1
2019,1,11,1371427,27,4,0,0,1
2019,1,12,1371427,27,3,0,0,1
2019,1,7,1371427,27,2,0,0,1
2019,1,24,1371427,27,2,0,1,1
2019,1,27,1350710,4,0,0,0,1
2019,1,27,1350710,4,0,0,0,1
2019,1,27,1350710,4,0,0,0,1
2019,1,27,1350710,4,0,0,0,1
2019,0,27,1350710,4,0,0,0,1
2019,1,27,1350710,4,0,0,0,1
2019,1,27,1350710,4,0,0,0,1
2019,1,27,1350710,4,0,0,0,1
2019,1,27,1371427,27,0,0,0,1
2019,1,27,1308102,16,0,0,0,1
2019,0,16,1382741,21,2,0,0,1
2019,1,74,1308102,16,4,0,0,1
2019,0,27,1204191,8,0,0,0,1
2019,1,27,1308102,16,0,0,0,1
2019,1,6,1204191,8,1,0,0,1
2019,1,27,1204191,8,0,0,1,1
2019,1,24,1204191,8,2,0,0,1
2019,1,62,1245972,7,1,0,0,1
2019,1,15,1245972,7,1,0,0,1
2019,3,27,1245972,7,0,0,0,1
2019,1,27,1245972,7,0,0,0,1
2019,1,27,1245972,7,0,0,0,1
2019,0,27,1245972,7,0,0,0,1
2019,1,78,1204191,8,1,0,0,1
2019,1,4,1245972,7,1,0,0,1
2019,1,11,1245972,7,4,0,0,1
2019,1,65,1245972,7,1,0,0,1
2019,1,7,1245972,7,2,0,0,1
2019,1,16,1245972,7,2,0,0,1
2019,1,24,1245972,7,2,0,0,1
2019,0,27,1230197,5,0,0,0,1
2019,1,27,1230197,5,0,0,0,1
2019,1,27,1230197,5,0,0,0,1
2019,1,44,1230197,5,1,0,0,1
2019,0,74,1230197,5,4,0,0,1
2019,1,27,1230197,5,0,0,0,1
2019,1,69,1245972,7,1,0,0,1
2019,1,27,1204191,8,0,0,0,1
2019,1,11,1204191,8,4,0,0,1
2019,1,41,1206698,12,3,0,0,1
2019,0,27,1308102,16,0,0,0,1
2019,1,27,1308102,16,0,0,0,1
2019,1,11,1308102,16,4,0,0,1
2019,1,6,1308102,16,1,0,0,1
2019,1,12,1308102,16,3,0,0,1
2019,1,24,1308102,16,2,0,1,2
2019,1,27,1356701,1,0,0,0,1
2019,1,27,1356701,1,0,0,0,1
2019,1,27,1204191,8,0,0,0,1
2019,1,27,1356701,1,0,0,0,1
2019,1,74,1356701,1,4,0,0,1
2019,1,53,1356701,1,3,0,0,1
2019,1,27,1356701,1,0,0,0,1
2019,1,11,1356701,1,4,0,0,1
2019,1,16,1206698,12,2,0,0,1
2019,1,39,1206698,12,3,1,0,1
2019,1,4,1356701,1,1,0,0,1
2019,1,74,1206698,12,4,0,0,1
2019,1,27,1206698,12,0,0,0,1
2019,1,11,1206698,12,4,0,0,1
2019,1,16,1356701,1,2,0,0,1
2019,0,24,1356701,1,2,0,0,1
2019,1,7,1356701,1,2,0,0,1
2019,1,65,1356701,1,1,0,0,1
2019,1,27,1206698,12,0,0,0,1
2019,1,24,1363937,10,2,0,0,1
2021,1,30,1438951,14,3,0,0,1
2021,1,16,1438951,14,2,0,0,2
2021,1,7,1438951,14,2,1,0,1
2021,1,65,1438951,14,1,0,0,1
2021,1,27,1438951,14,0,0,0,1
2021,1,27,1438951,14,0,0,0,1
